id,Degerlendirme Puani
0,34
1,18
2,6
3,15
4,35
5,36
6,9
7,9
8,17
9,6
10,34
11,40
12,28
13,47
14,16
15,32
16,20
17,28
18,46
19,31
20,25
21,12
22,16
23,12
24,36
25,10
26,10
27,45
28,35
29,35
30,18
31,30
32,11
33,34
34,24
35,22
36,27
37,21
38,16
39,45
40,35
41,33
42,45
43,33
44,38
45,25
46,28
47,28
48,47
49,26
50,27
51,21
52,16
53,52
54,40
55,45
56,47
57,20
58,31
59,27
60,14
61,19
62,15
63,44
64,22
65,50
66,49
67,23
68,32
69,17
70,50
71,26
72,41
73,31
74,10
75,11
76,20
77,42
78,5
79,24
80,16
81,56
82,27
83,26
84,28
85,3
86,21
87,38
88,31
89,26
90,44
91,32
92,27
93,31
94,10
95,12
96,51
97,37
98,9
99,9
100,42
101,45
102,18
103,29
104,39
105,29
106,33
107,35
108,33
109,26
110,19
111,5
112,6
113,35
114,40
115,44
116,15
117,28
118,39
119,40
120,8
121,33
122,45
123,30
124,21
125,26
126,31
127,23
128,16
129,31
130,12
131,25
132,28
133,36
134,30
135,34
136,46
137,50
138,42
139,52
140,30
141,15
142,29
143,29
144,22
145,15
146,16
147,45
148,26
149,47
150,13
151,44
152,29
153,36
154,26
155,30
156,42
157,8
158,17
159,28
160,46
161,33
162,8
163,10
164,50
165,28
166,30
167,29
168,24
169,18
170,21
171,41
172,24
173,55
174,44
175,39
176,54
177,13
178,48
179,18
180,54
181,48
182,47
183,31
184,32
185,11
186,49
187,52
188,11
189,18
190,12
191,20
192,17
193,39
194,32
195,49
196,16
197,36
198,44
199,31
200,14
201,50
202,39
203,32
204,35
205,9
206,25
207,15
208,33
209,30
210,47
211,19
212,38
213,17
214,23
215,43
216,44
217,24
218,14
219,36
220,42
221,33
222,24
223,25
224,20
225,15
226,21
227,33
228,46
229,15
230,13
231,21
232,35
233,34
234,13
235,10
236,36
237,46
238,53
239,37
240,52
241,37
242,17
243,47
244,38
245,40
246,40
247,24
248,24
249,14
250,19
251,30
252,36
253,30
254,30
255,14
256,37
257,41
258,24
259,31
260,36
261,12
262,27
263,14
264,13
265,40
266,15
267,32
268,13
269,46
270,17
271,36
272,31
273,53
274,14
275,26
276,12
277,51
278,26
279,23
280,27
281,33
282,20
283,21
284,52
285,20
286,31
287,18
288,41
289,56
290,33
291,5
292,13
293,28
294,28
295,11
296,50
297,47
298,11
299,32
300,17
301,38
302,22
303,17
304,26
305,22
306,31
307,38
308,16
309,49
310,42
311,47
312,26
313,20
314,32
315,21
316,24
317,40
318,13
319,12
320,18
321,38
322,27
323,28
324,32
325,29
326,20
327,10
328,41
329,37
330,22
331,34
332,12
333,41
334,13
335,41
336,31
337,25
338,9
339,24
340,24
341,23
342,23
343,14
344,53
345,31
346,28
347,42
348,33
349,46
350,16
351,21
352,20
353,10
354,47
355,26
356,38
357,25
358,30
359,33
360,43
361,27
362,21
363,22
364,41
365,13
366,41
367,33
368,14
369,20
370,29
371,31
372,8
373,21
374,18
375,29
376,13
377,31
378,21
379,27
380,40
381,11
382,26
383,17
384,12
385,30
386,25
387,12
388,33
389,26
390,22
391,10
392,13
393,37
394,44
395,44
396,41
397,24
398,19
399,27
400,10
401,20
402,16
403,41
404,51
405,45
406,42
407,24
408,8
409,55
410,17
411,41
412,34
413,36
414,31
415,29
416,50
417,36
418,16
419,49
420,36
421,35
422,10
423,8
424,31
425,25
426,40
427,19
428,43
429,38
430,30
431,22
432,24
433,31
434,38
435,20
436,31
437,30
438,18
439,15
440,44
441,8
442,36
443,16
444,37
445,10
446,35
447,18
448,12
449,49
450,19
451,38
452,37
453,24
454,26
455,26
456,25
457,53
458,48
459,12
460,21
461,29
462,37
463,46
464,37
465,25
466,19
467,10
468,55
469,41
470,29
471,25
472,38
473,25
474,37
475,6
476,35
477,25
478,17
479,45
480,9
481,39
482,53
483,13
484,30
485,21
486,33
487,41
488,39
489,18
490,21
491,38
492,36
493,28
494,26
495,31
496,20
497,22
498,47
499,37
500,40
501,17
502,23
503,38
504,8
505,46
506,24
507,28
508,19
509,39
510,43
511,9
512,34
513,35
514,32
515,20
516,41
517,28
518,32
519,13
520,50
521,26
522,56
523,33
524,12
525,15
526,9
527,41
528,29
529,52
530,33
531,42
532,38
533,39
534,9
535,34
536,42
537,15
538,40
539,19
540,46
541,21
542,27
543,51
544,23
545,34
546,42
547,55
548,31
549,49
550,31
551,45
552,9
553,22
554,18
555,33
556,23
557,31
558,23
559,42
560,22
561,35
562,10
563,17
564,42
565,11
566,21
567,12
568,25
569,40
570,18
571,29
572,29
573,10
574,46
575,29
576,26
577,32
578,34
579,30
580,26
581,39
582,31
583,24
584,37
585,50
586,43
587,23
588,14
589,10
590,21
591,21
592,43
593,31
594,48
595,49
596,25
597,20
598,11
599,55
600,27
601,42
602,40
603,32
604,50
605,47
606,13
607,12
608,39
609,30
610,29
611,36
612,24
613,35
614,11
615,39
616,44
617,11
618,16
619,44
620,32
621,43
622,52
623,35
624,14
625,36
626,23
627,27
628,16
629,19
630,38
631,16
632,49
633,20
634,27
635,10
636,31
637,38
638,13
639,37
640,16
641,23
642,50
643,16
644,40
645,16
646,31
647,8
648,50
649,24
650,45
651,6
652,17
653,28
654,40
655,11
656,20
657,8
658,11
659,33
660,17
661,24
662,11
663,36
664,53
665,11
666,32
667,18
668,33
669,46
670,41
671,35
672,44
673,37
674,34
675,8
676,46
677,6
678,5
679,23
680,40
681,8
682,7
683,46
684,37
685,26
686,29
687,15
688,4
689,25
690,12
691,17
692,19
693,33
694,11
695,48
696,44
697,42
698,45
699,43
700,7
701,35
702,28
703,38
704,14
705,34
706,8
707,27
708,29
709,43
710,52
711,34
712,23
713,28
714,20
715,50
716,36
717,35
718,12
719,20
720,38
721,16
722,32
723,34
724,30
725,40
726,28
727,42
728,37
729,23
730,15
731,23
732,10
733,42
734,17
735,23
736,34
737,21
738,39
739,14
740,36
741,55
742,35
743,26
744,44
745,9
746,16
747,9
748,15
749,28
750,50
751,6
752,36
753,27
754,44
755,30
756,11
757,29
758,36
759,53
760,42
761,16
762,4
763,34
764,10
765,50
766,26
767,21
768,10
769,38
770,58
771,29
772,54
773,23
774,34
775,25
776,18
777,23
778,35
779,51
780,11
781,24
782,27
783,26
784,37
785,17
786,27
787,35
788,52
789,40
790,13
791,8
792,29
793,37
794,41
795,10
796,27
797,30
798,22
799,31
800,35
801,37
802,24
803,24
804,13
805,38
806,30
807,7
808,22
809,9
810,53
811,46
812,15
813,36
814,36
815,33
816,15
817,45
818,44
819,45
820,54
821,41
822,24
823,15
824,39
825,30
826,49
827,33
828,24
829,8
830,34
831,40
832,19
833,37
834,11
835,28
836,26
837,53
838,36
839,40
840,42
841,46
842,35
843,47
844,33
845,45
846,13
847,32
848,41
849,34
850,14
851,31
852,27
853,24
854,33
855,14
856,48
857,23
858,6
859,44
860,24
861,11
862,28
863,34
864,51
865,10
866,42
867,29
868,25
869,62
870,49
871,7
872,47
873,32
874,30
875,36
876,49
877,13
878,50
879,10
880,48
881,24
882,24
883,50
884,35
885,41
886,9
887,13
888,32
889,16
890,17
891,8
892,15
893,28
894,35
895,11
896,43
897,11
898,29
899,34
900,37
901,16
902,49
903,25
904,28
905,35
906,26
907,50
908,44
909,8
910,27
911,30
912,25
913,22
914,43
915,29
916,41
917,26
918,11
919,34
920,24
921,21
922,24
923,34
924,11
925,15
926,25
927,25
928,54
929,29
930,13
931,15
932,41
933,31
934,20
935,42
936,45
937,10
938,39
939,10
940,36
941,45
942,48
943,21
944,33
945,22
946,9
947,5
948,47
949,26
950,23
951,18
952,23
953,23
954,43
955,39
956,15
957,41
958,24
959,27
960,44
961,36
962,46
963,37
964,17
965,36
966,32
967,27
968,33
969,42
970,31
971,33
972,3
973,55
974,46
975,35
976,38
977,50
978,35
979,25
980,39
981,44
982,7
983,17
984,43
985,22
986,36
987,15
988,17
989,17
990,30
991,15
992,47
993,12
994,46
995,26
996,51
997,10
998,26
999,32
1000,28
1001,43
1002,30
1003,12
1004,18
1005,26
1006,43
1007,23
1008,53
1009,40
1010,27
1011,14
1012,24
1013,36
1014,37
1015,18
1016,26
1017,44
1018,6
1019,48
1020,34
1021,37
1022,21
1023,14
1024,24
1025,24
1026,37
1027,15
1028,22
1029,18
1030,29
1031,37
1032,19
1033,21
1034,7
1035,37
1036,31
1037,20
1038,47
1039,36
1040,27
1041,26
1042,39
1043,50
1044,19
1045,42
1046,47
1047,27
1048,13
1049,35
1050,28
1051,42
1052,42
1053,40
1054,22
1055,30
1056,23
1057,23
1058,31
1059,35
1060,17
1061,50
1062,7
1063,38
1064,19
1065,17
1066,42
1067,34
1068,45
1069,41
1070,32
1071,35
1072,10
1073,17
1074,33
1075,24
1076,29
1077,22
1078,51
1079,7
1080,16
1081,42
1082,57
1083,11
1084,42
1085,33
1086,11
1087,30
1088,41
1089,24
1090,16
1091,48
1092,24
1093,28
1094,40
1095,13
1096,25
1097,29
1098,24
1099,44
1100,58
1101,11
1102,33
1103,29
1104,44
1105,48
1106,29
1107,36
1108,25
1109,24
1110,43
1111,20
1112,20
1113,31
1114,54
1115,40
1116,14
1117,29
1118,16
1119,27
1120,35
1121,41
1122,18
1123,19
1124,13
1125,23
1126,32
1127,28
1128,10
1129,36
1130,14
1131,16
1132,35
1133,31
1134,46
1135,31
1136,22
1137,38
1138,19
1139,41
1140,9
1141,30
1142,27
1143,38
1144,45
1145,37
1146,42
1147,21
1148,13
1149,41
1150,9
1151,37
1152,36
1153,43
1154,32
1155,48
1156,12
1157,16
1158,39
1159,32
1160,31
1161,37
1162,26
1163,51
1164,10
1165,47
1166,11
1167,46
1168,37
1169,23
1170,37
1171,40
1172,23
1173,9
1174,36
1175,52
1176,42
1177,32
1178,36
1179,5
1180,17
1181,31
1182,19
1183,32
1184,25
1185,10
1186,50
1187,25
1188,42
1189,21
1190,40
1191,41
1192,33
1193,42
1194,8
1195,39
1196,23
1197,40
1198,18
1199,45
1200,20
1201,49
1202,42
1203,22
1204,55
1205,17
1206,42
1207,37
1208,24
1209,20
1210,34
1211,15
1212,26
1213,11
1214,42
1215,32
1216,32
1217,48
1218,51
1219,29
1220,51
1221,12
1222,17
1223,27
1224,38
1225,19
1226,26
1227,10
1228,33
1229,36
1230,35
1231,22
1232,16
1233,44
1234,14
1235,35
1236,8
1237,36
1238,36
1239,11
1240,50
1241,52
1242,33
1243,13
1244,47
1245,45
1246,34
1247,29
1248,28
1249,16
1250,21
1251,26
1252,23
1253,22
1254,44
1255,9
1256,47
1257,26
1258,27
1259,42
1260,16
1261,24
1262,9
1263,49
1264,39
1265,14
1266,11
1267,17
1268,17
1269,29
1270,14
1271,29
1272,26
1273,20
1274,34
1275,9
1276,20
1277,57
1278,30
1279,43
1280,35
1281,35
1282,17
1283,23
1284,40
1285,46
1286,38
1287,15
1288,27
1289,9
1290,53
1291,30
1292,26
1293,35
1294,45
1295,50
1296,14
1297,10
1298,24
1299,19
1300,17
1301,30
1302,20
1303,22
1304,38
1305,41
1306,14
1307,24
1308,37
1309,16
1310,13
1311,41
1312,54
1313,27
1314,37
1315,43
1316,24
1317,45
1318,26
1319,33
1320,15
1321,33
1322,19
1323,20
1324,51
1325,6
1326,10
1327,34
1328,11
1329,7
1330,39
1331,31
1332,21
1333,39
1334,10
1335,45
1336,9
1337,7
1338,26
1339,36
1340,41
1341,38
1342,13
1343,37
1344,16
1345,20
1346,6
1347,56
1348,33
1349,10
1350,35
1351,49
1352,29
1353,26
1354,48
1355,5
1356,28
1357,36
1358,44
1359,49
1360,9
1361,29
1362,7
1363,54
1364,33
1365,34
1366,11
1367,35
1368,28
1369,20
1370,34
1371,30
1372,20
1373,43
1374,44
1375,16
1376,41
1377,40
1378,36
1379,38
1380,46
1381,46
1382,28
1383,23
1384,24
1385,35
1386,29
1387,48
1388,8
1389,32
1390,26
1391,21
1392,25
1393,30
1394,28
1395,23
1396,33
1397,26
1398,20
1399,38
1400,11
1401,43
1402,35
1403,38
1404,32
1405,19
1406,49
1407,36
1408,39
1409,28
1410,15
1411,16
1412,58
1413,29
1414,11
1415,18
1416,48
1417,33
1418,36
1419,42
1420,39
1421,20
1422,30
1423,16
1424,48
1425,46
1426,26
1427,25
1428,7
1429,41
1430,58
1431,32
1432,12
1433,7
1434,23
1435,18
1436,46
1437,43
1438,28
1439,13
1440,19
1441,4
1442,17
1443,41
1444,33
1445,41
1446,27
1447,26
1448,24
1449,38
1450,38
1451,41
1452,24
1453,37
1454,16
1455,43
1456,27
1457,8
1458,34
1459,52
1460,26
1461,22
1462,30
1463,7
1464,45
1465,36
1466,42
1467,53
1468,42
1469,5
1470,16
1471,28
1472,37
1473,31
1474,8
1475,17
1476,9
1477,22
1478,50
1479,31
1480,16
1481,28
1482,27
1483,27
1484,47
1485,14
1486,29
1487,43
1488,25
1489,19
1490,29
1491,44
1492,25
1493,35
1494,48
1495,28
1496,54
1497,22
1498,20
1499,25
1500,38
1501,18
1502,36
1503,24
1504,16
1505,21
1506,46
1507,27
1508,13
1509,7
1510,57
1511,9
1512,50
1513,15
1514,10
1515,14
1516,21
1517,44
1518,26
1519,22
1520,37
1521,38
1522,12
1523,46
1524,6
1525,44
1526,30
1527,42
1528,36
1529,40
1530,29
1531,19
1532,15
1533,22
1534,49
1535,46
1536,50
1537,25
1538,32
1539,31
1540,14
1541,27
1542,30
1543,28
1544,27
1545,24
1546,42
1547,28
1548,8
1549,2
1550,17
1551,51
1552,45
1553,33
1554,9
1555,52
1556,32
1557,22
1558,38
1559,41
1560,35
1561,37
1562,25
1563,28
1564,29
1565,10
1566,22
1567,30
1568,29
1569,49
1570,50
1571,17
1572,28
1573,32
1574,30
1575,48
1576,50
1577,34
1578,19
1579,46
1580,29
1581,37
1582,33
1583,16
1584,43
1585,26
1586,50
1587,35
1588,37
1589,35
1590,35
1591,34
1592,51
1593,32
1594,36
1595,30
1596,46
1597,43
1598,53
1599,24
1600,29
1601,43
1602,25
1603,48
1604,47
1605,15
1606,57
1607,35
1608,11
1609,46
1610,48
1611,30
1612,41
1613,37
1614,39
1615,42
1616,50
1617,28
1618,26
1619,15
1620,34
1621,41
1622,27
1623,33
1624,20
1625,43
1626,33
1627,52
1628,50
1629,37
1630,25
1631,18
1632,20
1633,39
1634,49
1635,14
1636,50
1637,22
1638,32
1639,29
1640,47
1641,11
1642,32
1643,35
1644,30
1645,23
1646,21
1647,8
1648,48
1649,26
1650,47
1651,26
1652,22
1653,52
1654,21
1655,38
1656,44
1657,36
1658,22
1659,29
1660,32
1661,37
1662,23
1663,25
1664,30
1665,37
1666,25
1667,53
1668,18
1669,12
1670,59
1671,27
1672,43
1673,37
1674,44
1675,41
1676,44
1677,61
1678,26
1679,18
1680,14
1681,31
1682,33
1683,30
1684,29
1685,12
1686,39
1687,45
1688,29
1689,42
1690,18
1691,11
1692,23
1693,53
1694,33
1695,11
1696,43
1697,44
1698,25
1699,31
1700,53
1701,46
1702,50
1703,9
1704,27
1705,24
1706,42
1707,60
1708,47
1709,15
1710,36
1711,15
1712,33
1713,17
1714,29
1715,34
1716,37
1717,22
1718,25
1719,27
1720,39
1721,18
1722,35
1723,8
1724,58
1725,24
1726,40
1727,31
1728,30
1729,31
1730,25
1731,38
1732,36
1733,10
1734,19
1735,40
1736,10
1737,20
1738,31
1739,22
1740,21
1741,30
1742,53
1743,47
1744,13
1745,10
1746,14
1747,22
1748,23
1749,28
1750,42
1751,43
1752,23
1753,5
1754,42
1755,17
1756,33
1757,28
1758,28
1759,25
1760,36
1761,45
1762,47
1763,39
1764,34
1765,14
1766,32
1767,29
1768,27
1769,42
1770,48
1771,36
1772,48
1773,38
1774,12
1775,46
1776,51
1777,17
1778,18
1779,41
1780,13
1781,39
1782,33
1783,44
1784,23
1785,37
1786,39
1787,10
1788,22
1789,27
1790,29
1791,29
1792,31
1793,10
1794,35
1795,14
1796,53
1797,42
1798,47
1799,32
1800,43
1801,44
1802,34
1803,14
1804,19
1805,24
1806,39
1807,26
1808,35
1809,24
1810,17
1811,10
1812,29
1813,48
1814,6
1815,37
1816,62
1817,45
1818,31
1819,31
1820,33
1821,16
1822,46
1823,47
1824,39
1825,47
1826,12
1827,40
1828,28
1829,8
1830,38
1831,35
1832,36
1833,11
1834,22
1835,48
1836,24
1837,17
1838,17
1839,21
1840,45
1841,27
1842,32
1843,33
1844,39
1845,33
1846,35
1847,20
1848,19
1849,48
1850,36
1851,41
1852,46
1853,25
1854,36
1855,49
1856,20
1857,33
1858,21
1859,13
1860,14
1861,26
1862,27
1863,38
1864,34
1865,40
1866,31
1867,49
1868,40
1869,35
1870,52
1871,48
1872,32
1873,44
1874,27
1875,35
1876,28
1877,41
1878,9
1879,47
1880,39
1881,28
1882,18
1883,40
1884,12
1885,6
1886,49
1887,39
1888,47
1889,39
1890,41
1891,48
1892,33
1893,49
1894,36
1895,9
1896,16
1897,18
1898,23
1899,20
1900,24
1901,22
1902,32
1903,23
1904,26
1905,28
1906,27
1907,20
1908,33
1909,34
1910,35
1911,36
1912,11
1913,51
1914,25
1915,8
1916,27
1917,30
1918,14
1919,34
1920,39
1921,22
1922,35
1923,32
1924,21
1925,14
1926,37
1927,34
1928,51
1929,27
1930,22
1931,21
1932,41
1933,35
1934,33
1935,16
1936,44
1937,43
1938,30
1939,21
1940,32
1941,4
1942,8
1943,30
1944,19
1945,19
1946,30
1947,25
1948,9
1949,11
1950,25
1951,36
1952,12
1953,12
1954,7
1955,17
1956,46
1957,26
1958,35
1959,9
1960,34
1961,17
1962,21
1963,12
1964,27
1965,52
1966,30
1967,20
1968,13
1969,27
1970,32
1971,39
1972,45
1973,37
1974,41
1975,41
1976,12
1977,26
1978,40
1979,15
1980,35
1981,39
1982,50
1983,25
1984,27
1985,41
1986,43
1987,17
1988,41
1989,25
1990,53
1991,15
1992,20
1993,34
1994,5
1995,9
1996,37
1997,11
1998,24
1999,24
2000,28
2001,6
2002,10
2003,31
2004,31
2005,24
2006,43
2007,34
2008,18
2009,29
2010,26
2011,42
2012,29
2013,46
2014,22
2015,44
2016,8
2017,34
2018,37
2019,38
2020,33
2021,8
2022,33
2023,37
2024,46
2025,38
2026,43
2027,25
2028,10
2029,43
2030,30
2031,27
2032,38
2033,33
2034,48
2035,29
2036,24
2037,31
2038,44
2039,49
2040,41
2041,25
2042,17
2043,40
2044,41
2045,44
2046,34
2047,41
2048,42
2049,42
2050,24
2051,9
2052,44
2053,24
2054,30
2055,15
2056,22
2057,13
2058,29
2059,38
2060,48
2061,5
2062,15
2063,15
2064,29
2065,35
2066,31
2067,27
2068,9
2069,34
2070,22
2071,39
2072,12
2073,29
2074,31
2075,32
2076,42
2077,34
2078,47
2079,9
2080,18
2081,37
2082,56
2083,21
2084,28
2085,22
2086,35
2087,50
2088,33
2089,36
2090,22
2091,25
2092,29
2093,42
2094,40
2095,5
2096,13
2097,13
2098,22
2099,34
2100,23
2101,17
2102,9
2103,24
2104,19
2105,14
2106,30
2107,34
2108,9
2109,14
2110,8
2111,45
2112,6
2113,26
2114,21
2115,47
2116,37
2117,45
2118,25
2119,25
2120,49
2121,53
2122,14
2123,25
2124,47
2125,34
2126,24
2127,50
2128,14
2129,49
2130,30
2131,57
2132,46
2133,50
2134,36
2135,49
2136,28
2137,9
2138,30
2139,10
2140,20
2141,35
2142,41
2143,15
2144,29
2145,17
2146,39
2147,7
2148,20
2149,32
2150,7
2151,53
2152,17
2153,54
2154,27
2155,50
2156,20
2157,15
2158,34
2159,30
2160,32
2161,16
2162,31
2163,44
2164,44
2165,20
2166,49
2167,32
2168,21
2169,35
2170,23
2171,48
2172,11
2173,33
2174,30
2175,5
2176,37
2177,10
2178,12
2179,29
2180,10
2181,23
2182,33
2183,22
2184,57
2185,36
2186,31
2187,36
2188,25
2189,32
2190,38
2191,49
2192,42
2193,18
2194,49
2195,48
2196,48
2197,34
2198,14
2199,23
2200,23
2201,36
2202,49
2203,24
2204,29
2205,21
2206,26
2207,54
2208,29
2209,35
2210,25
2211,32
2212,30
2213,32
2214,32
2215,30
2216,40
2217,10
2218,35
2219,24
2220,8
2221,8
2222,44
2223,15
2224,14
2225,37
2226,46
2227,24
2228,43
2229,44
2230,32
2231,44
2232,6
2233,18
2234,37
2235,11
2236,43
2237,13
2238,41
2239,15
2240,41
2241,31
2242,42
2243,51
2244,50
2245,44
2246,18
2247,9
2248,34
2249,43
2250,36
2251,28
2252,10
2253,27
2254,49
2255,13
2256,10
2257,20
2258,33
2259,12
2260,50
2261,47
2262,37
2263,36
2264,26
2265,15
2266,32
2267,38
2268,31
2269,37
2270,21
2271,23
2272,22
2273,21
2274,27
2275,19
2276,25
2277,33
2278,33
2279,34
2280,19
2281,13
2282,9
2283,25
2284,33
2285,13
2286,42
2287,39
2288,19
2289,29
2290,5
2291,23
2292,23
2293,37
2294,7
2295,25
2296,39
2297,34
2298,24
2299,53
2300,25
2301,31
2302,35
2303,16
2304,24
2305,23
2306,25
2307,12
2308,10
2309,33
2310,38
2311,40
2312,16
2313,44
2314,37
2315,30
2316,15
2317,15
2318,27
2319,50
2320,24
2321,27
2322,10
2323,12
2324,34
2325,41
2326,20
2327,51
2328,32
2329,24
2330,53
2331,15
2332,43
2333,12
2334,37
2335,2
2336,18
2337,25
2338,23
2339,20
2340,14
2341,21
2342,29
2343,23
2344,12
2345,15
2346,31
2347,50
2348,20
2349,46
2350,31
2351,16
2352,13
2353,22
2354,26
2355,27
2356,35
2357,47
2358,12
2359,34
2360,16
2361,33
2362,34
2363,22
2364,51
2365,44
2366,47
2367,29
2368,40
2369,40
2370,49
2371,38
2372,41
2373,43
2374,5
2375,23
2376,46
2377,11
2378,33
2379,36
2380,17
2381,41
2382,27
2383,16
2384,48
2385,36
2386,34
2387,11
2388,27
2389,41
2390,33
2391,16
2392,43
2393,8
2394,18
2395,11
2396,39
2397,28
2398,24
2399,23
2400,35
2401,48
2402,47
2403,54
2404,31
2405,33
2406,20
2407,47
2408,20
2409,7
2410,43
2411,31
2412,25
2413,20
2414,25
2415,17
2416,18
2417,57
2418,21
2419,49
2420,37
2421,19
2422,55
2423,13
2424,37
2425,28
2426,27
2427,22
2428,19
2429,53
2430,35
2431,27
2432,39
2433,24
2434,13
2435,17
2436,45
2437,26
2438,10
2439,8
2440,11
2441,16
2442,12
2443,12
2444,20
2445,9
2446,26
2447,25
2448,23
2449,10
2450,12
2451,47
2452,33
2453,37
2454,42
2455,15
2456,48
2457,17
2458,21
2459,14
2460,11
2461,19
2462,11
2463,42
2464,36
2465,38
2466,12
2467,25
2468,10
2469,24
2470,31
2471,33
2472,40
2473,21
2474,17
2475,13
2476,53
2477,25
2478,26
2479,35
2480,36
2481,46
2482,48
2483,52
2484,3
2485,39
2486,37
2487,17
2488,22
2489,14
2490,48
2491,23
2492,49
2493,18
2494,16
2495,30
2496,50
2497,13
2498,3
2499,19
2500,35
2501,49
2502,35
2503,28
2504,31
2505,26
2506,28
2507,29
2508,44
2509,41
2510,43
2511,25
2512,26
2513,44
2514,17
2515,18
2516,7
2517,39
2518,26
2519,46
2520,9
2521,15
2522,50
2523,17
2524,8
2525,38
2526,30
2527,26
2528,42
2529,50
2530,29
2531,22
2532,9
2533,9
2534,18
2535,47
2536,12
2537,25
2538,21
2539,44
2540,38
2541,48
2542,17
2543,46
2544,28
2545,23
2546,43
2547,48
2548,50
2549,22
2550,30
2551,57
2552,10
2553,39
2554,19
2555,42
2556,51
2557,30
2558,41
2559,11
2560,41
2561,50
2562,33
2563,13
2564,18
2565,35
2566,16
2567,18
2568,19
2569,29
2570,33
2571,34
2572,36
2573,33
2574,29
2575,35
2576,41
2577,44
2578,33
2579,45
2580,40
2581,34
2582,36
2583,24
2584,35
2585,35
2586,51
2587,46
2588,37
2589,36
2590,21
2591,28
2592,21
2593,8
2594,36
2595,31
2596,29
2597,39
2598,48
2599,38
2600,23
2601,18
2602,42
2603,46
2604,8
2605,39
2606,34
2607,10
2608,44
2609,17
2610,14
2611,37
2612,16
2613,22
2614,24
2615,45
2616,23
2617,12
2618,31
2619,31
2620,31
2621,29
2622,54
2623,42
2624,33
2625,14
2626,29
2627,22
2628,18
2629,39
2630,11
2631,23
2632,29
2633,19
2634,22
2635,23
2636,14
2637,24
2638,42
2639,6
2640,10
2641,27
2642,30
2643,30
2644,37
2645,30
2646,25
2647,32
2648,49
2649,8
2650,37
2651,26
2652,37
2653,24
2654,9
2655,28
2656,34
2657,21
2658,48
2659,45
2660,41
2661,30
2662,10
2663,44
2664,49
2665,45
2666,5
2667,18
2668,17
2669,17
2670,20
2671,40
2672,26
2673,23
2674,25
2675,23
2676,17
2677,32
2678,27
2679,19
2680,24
2681,13
2682,28
2683,37
2684,46
2685,28
2686,27
2687,34
2688,56
2689,33
2690,35
2691,12
2692,35
2693,39
2694,23
2695,40
2696,40
2697,41
2698,43
2699,34
2700,41
2701,16
2702,56
2703,40
2704,43
2705,37
2706,42
2707,42
2708,22
2709,50
2710,33
2711,24
2712,41
2713,21
2714,28
2715,27
2716,18
2717,40
2718,11
2719,35
2720,22
2721,47
2722,9
2723,7
2724,22
2725,32
2726,10
2727,40
2728,20
2729,28
2730,28
2731,26
2732,29
2733,49
2734,43
2735,25
2736,26
2737,17
2738,36
2739,14
2740,30
2741,24
2742,43
2743,45
2744,46
2745,41
2746,38
2747,30
2748,42
2749,50
2750,36
2751,11
2752,37
2753,42
2754,20
2755,29
2756,14
2757,49
2758,40
2759,52
2760,19
2761,32
2762,33
2763,5
2764,35
2765,26
2766,24
2767,35
2768,42
2769,18
2770,36
2771,54
2772,24
2773,41
2774,8
2775,24
2776,12
2777,12
2778,20
2779,42
2780,10
2781,26
2782,33
2783,27
2784,35
2785,33
2786,37
2787,10
2788,45
2789,54
2790,15
2791,17
2792,23
2793,49
2794,11
2795,17
2796,33
2797,35
2798,27
2799,37
2800,17
2801,11
2802,36
2803,22
2804,31
2805,36
2806,19
2807,11
2808,24
2809,35
2810,18
2811,28
2812,39
2813,26
2814,35
2815,38
2816,35
2817,29
2818,22
2819,6
2820,27
2821,37
2822,24
2823,44
2824,37
2825,23
2826,6
2827,31
2828,32
2829,43
2830,22
2831,44
2832,49
2833,31
2834,35
2835,44
2836,15
2837,47
2838,36
2839,15
2840,12
2841,25
2842,42
2843,47
2844,42
2845,36
2846,43
2847,48
2848,24
2849,33
2850,11
2851,48
2852,50
2853,20
2854,31
2855,15
2856,37
2857,44
2858,20
2859,17
2860,22
2861,41
2862,28
2863,46
2864,46
2865,42
2866,14
2867,31
2868,17
2869,45
2870,37
2871,50
2872,31
2873,20
2874,24
2875,42
2876,10
2877,25
2878,34
2879,9
2880,48
2881,36
2882,23
2883,18
2884,57
2885,9
2886,11
2887,16
2888,47
2889,5
2890,47
2891,25
2892,34
2893,45
2894,16
2895,23
2896,61
2897,42
2898,21
2899,41
2900,17
2901,27
2902,12
2903,11
2904,21
2905,56
2906,12
2907,30
2908,40
2909,31
2910,18
2911,36
2912,11
2913,9
2914,35
2915,27
2916,34
2917,33
2918,18
2919,15
2920,11
2921,38
2922,23
2923,35
2924,10
2925,8
2926,29
2927,29
2928,16
2929,32
2930,39
2931,57
2932,25
2933,44
2934,23
2935,18
2936,23
2937,25
2938,13
2939,23
2940,36
2941,33
2942,49
2943,14
2944,13
2945,7
2946,22
2947,6
2948,16
2949,14
2950,24
2951,26
2952,23
2953,11
2954,36
2955,38
2956,29
2957,23
2958,16
2959,38
2960,7
2961,33
2962,47
2963,28
2964,10
2965,30
2966,38
2967,25
2968,38
2969,14
2970,30
2971,28
2972,22
2973,31
2974,26
2975,8
2976,27
2977,18
2978,33
2979,56
2980,14
2981,46
2982,23
2983,27
2984,36
2985,43
2986,14
2987,23
2988,40
2989,52
2990,15
2991,38
2992,38
2993,31
2994,41
2995,44
2996,24
2997,23
2998,13
2999,38
3000,50
3001,28
3002,42
3003,14
3004,43
3005,12
3006,30
3007,38
3008,48
3009,51
3010,26
3011,33
3012,31
3013,38
3014,19
3015,15
3016,51
3017,25
3018,37
3019,28
3020,19
3021,37
3022,39
3023,11
3024,54
3025,13
3026,23
3027,18
3028,12
3029,51
3030,14
3031,13
3032,22
3033,47
3034,23
3035,24
3036,12
3037,40
3038,43
3039,43
3040,14
3041,40
3042,31
3043,20
3044,44
3045,11
3046,28
3047,38
3048,26
3049,22
3050,37
3051,31
3052,44
3053,41
3054,8
3055,25
3056,21
3057,16
3058,27
3059,47
3060,19
3061,44
3062,17
3063,41
3064,29
3065,5
3066,21
3067,41
3068,14
3069,42
3070,56
3071,43
3072,35
3073,38
3074,39
3075,19
3076,32
3077,32
3078,36
3079,55
3080,23
3081,32
3082,26
3083,31
3084,35
3085,12
3086,49
3087,22
3088,42
3089,42
3090,11
3091,29
3092,34
3093,50
3094,32
3095,40
3096,30
3097,38
3098,40
3099,27
3100,33
3101,37
3102,33
3103,47
3104,33
3105,22
3106,38
3107,7
3108,49
3109,40
3110,20
3111,46
3112,28
3113,22
3114,22
3115,48
3116,27
3117,23
3118,21
3119,31
3120,30
3121,37
3122,42
3123,25
3124,33
3125,33
3126,14
3127,36
3128,11
3129,40
3130,46
3131,22
3132,33
3133,4
3134,50
3135,32
3136,22
3137,35
3138,31
3139,27
3140,22
3141,52
3142,38
3143,34
3144,13
3145,30
3146,32
3147,22
3148,8
3149,21
3150,43
3151,34
3152,21
3153,40
3154,32
3155,38
3156,41
3157,25
3158,13
3159,49
3160,22
3161,50
3162,15
3163,25
3164,24
3165,36
3166,29
3167,56
3168,56
3169,16
3170,22
3171,19
3172,45
3173,41
3174,39
3175,32
3176,43
3177,8
3178,41
3179,10
3180,33
3181,21
3182,23
3183,52
3184,27
3185,11
3186,48
3187,44
3188,30
3189,33
3190,34
3191,58
3192,8
3193,22
3194,25
3195,12
3196,25
3197,42
3198,42
3199,42
3200,11
3201,22
3202,11
3203,12
3204,19
3205,36
3206,40
3207,51
3208,13
3209,9
3210,22
3211,35
3212,45
3213,33
3214,40
3215,45
3216,52
3217,5
3218,12
3219,38
3220,37
3221,44
3222,11
3223,44
3224,46
3225,51
3226,38
3227,55
3228,43
3229,45
3230,24
3231,3
3232,17
3233,25
3234,36
3235,41
3236,19
3237,29
3238,12
3239,48
3240,22
3241,23
3242,29
3243,24
3244,30
3245,30
3246,42
3247,13
3248,10
3249,39
3250,50
3251,32
3252,44
3253,50
3254,47
3255,50
3256,13
3257,36
3258,37
3259,18
3260,5
3261,12
3262,23
3263,23
3264,21
3265,45
3266,47
3267,20
3268,28
3269,44
3270,35
3271,50
3272,33
3273,8
3274,29
3275,40
3276,28
3277,36
3278,10
3279,36
3280,37
3281,22
3282,25
3283,21
3284,25
3285,52
3286,45
3287,41
3288,26
3289,34
3290,10
3291,12
3292,35
3293,13
3294,36
3295,43
3296,31
3297,12
3298,17
3299,29
3300,40
3301,23
3302,25
3303,43
3304,23
3305,40
3306,20
3307,49
3308,31
3309,51
3310,14
3311,23
3312,38
3313,42
3314,50
3315,32
3316,35
3317,43
3318,25
3319,51
3320,20
3321,7
3322,45
3323,18
3324,24
3325,44
3326,12
3327,43
3328,18
3329,50
3330,37
3331,38
3332,31
3333,11
3334,10
3335,22
3336,21
3337,23
3338,25
3339,35
3340,39
3341,23
3342,11
3343,45
3344,17
3345,27
3346,22
3347,20
3348,37
3349,13
3350,43
3351,29
3352,20
3353,39
3354,43
3355,36
3356,37
3357,22
3358,16
3359,51
3360,35
3361,23
3362,19
3363,37
3364,31
3365,32
3366,51
3367,53
3368,16
3369,15
3370,8
3371,29
3372,17
3373,36
3374,17
3375,21
3376,14
3377,42
3378,14
3379,33
3380,38
3381,22
3382,38
3383,33
3384,12
3385,30
3386,19
3387,15
3388,38
3389,28
3390,12
3391,46
3392,10
3393,49
3394,35
3395,53
3396,41
3397,55
3398,53
3399,11
3400,38
3401,31
3402,4
3403,27
3404,27
3405,26
3406,39
3407,51
3408,21
3409,29
3410,17
3411,27
3412,37
3413,59
3414,44
3415,30
3416,20
3417,38
3418,7
3419,34
3420,16
3421,22
3422,33
3423,25
3424,8
3425,28
3426,43
3427,16
3428,27
3429,27
3430,33
3431,13
3432,35
3433,27
3434,23
3435,6
3436,13
3437,24
3438,52
3439,27
3440,31
3441,25
3442,21
3443,17
3444,14
3445,39
3446,33
3447,39
3448,30
3449,30
3450,38
3451,15
3452,32
3453,35
3454,12
3455,34
3456,18
3457,14
3458,15
3459,30
3460,25
3461,49
3462,48
3463,40
3464,34
3465,37
3466,35
3467,17
3468,8
3469,23
3470,18
3471,10
3472,35
3473,21
3474,10
3475,42
3476,4
3477,12
3478,50
3479,44
3480,33
3481,21
3482,9
3483,27
3484,18
3485,31
3486,53
3487,12
3488,22
3489,41
3490,23
3491,21
3492,42
3493,35
3494,49
3495,34
3496,12
3497,22
3498,36
3499,41
3500,51
3501,9
3502,15
3503,33
3504,8
3505,47
3506,29
3507,32
3508,40
3509,20
3510,34
3511,37
3512,15
3513,28
3514,49
3515,47
3516,42
3517,50
3518,22
3519,44
3520,41
3521,19
3522,54
3523,21
3524,37
3525,11
3526,47
3527,11
3528,32
3529,51
3530,30
3531,9
3532,23
3533,49
3534,32
3535,18
3536,48
3537,27
3538,28
3539,17
3540,10
3541,35
3542,43
3543,43
3544,41
3545,21
3546,25
3547,9
3548,25
3549,42
3550,18
3551,47
3552,40
3553,31
3554,14
3555,11
3556,17
3557,31
3558,41
3559,28
3560,12
3561,46
3562,30
3563,39
3564,9
3565,8
3566,29
3567,11
3568,53
3569,45
3570,15
3571,37
3572,37
3573,33
3574,23
3575,28
3576,42
3577,38
3578,48
3579,29
3580,37
3581,41
3582,30
3583,12
3584,24
3585,30
3586,4
3587,20
3588,31
3589,50
3590,40
3591,31
3592,44
3593,10
3594,17
3595,38
3596,9
3597,5
3598,31
3599,20
3600,26
3601,29
3602,45
3603,7
3604,47
3605,11
3606,41
3607,39
3608,46
3609,46
3610,38
3611,5
3612,49
3613,39
3614,24
3615,28
3616,23
3617,11
3618,25
3619,52
3620,46
3621,33
3622,10
3623,32
3624,29
3625,38
3626,33
3627,28
3628,25
3629,42
3630,33
3631,8
3632,37
3633,50
3634,21
3635,39
3636,29
3637,27
3638,24
3639,17
3640,31
3641,9
3642,13
3643,34
3644,49
3645,45
3646,38
3647,22
3648,50
3649,46
3650,31
3651,20
3652,41
3653,58
3654,48
3655,22
3656,17
3657,22
3658,38
3659,31
3660,46
3661,38
3662,13
3663,17
3664,23
3665,39
3666,24
3667,26
3668,42
3669,20
3670,24
3671,12
3672,32
3673,36
3674,24
3675,30
3676,40
3677,12
3678,33
3679,41
3680,35
3681,37
3682,26
3683,29
3684,34
3685,36
3686,29
3687,4
3688,13
3689,11
3690,5
3691,24
3692,15
3693,29
3694,24
3695,26
3696,35
3697,24
3698,32
3699,12
3700,33
3701,17
3702,50
3703,23
3704,26
3705,46
3706,37
3707,16
3708,14
3709,31
3710,7
3711,23
3712,42
3713,48
3714,40
3715,24
3716,52
3717,33
3718,39
3719,19
3720,46
3721,23
3722,18
3723,23
3724,19
3725,8
3726,45
3727,31
3728,8
3729,34
3730,46
3731,10
3732,30
3733,33
3734,39
3735,18
3736,37
3737,49
3738,32
3739,12
3740,20
3741,32
3742,25
3743,28
3744,21
3745,53
3746,54
3747,8
3748,39
3749,37
3750,40
3751,21
3752,52
3753,19
3754,18
3755,13
3756,36
3757,12
3758,39
3759,14
3760,8
3761,39
3762,27
3763,33
3764,38
3765,44
3766,12
3767,43
3768,37
3769,14
3770,13
3771,24
3772,26
3773,52
3774,34
3775,17
3776,12
3777,38
3778,26
3779,8
3780,25
3781,26
3782,18
3783,40
3784,49
3785,12
3786,13
3787,23
3788,44
3789,39
3790,48
3791,25
3792,10
3793,9
3794,45
3795,13
3796,40
3797,41
3798,12
3799,27
3800,27
3801,32
3802,44
3803,13
3804,33
3805,24
3806,53
3807,28
3808,8
3809,12
3810,21
3811,33
3812,34
3813,24
3814,48
3815,36
3816,16
3817,28
3818,54
3819,25
3820,29
3821,23
3822,20
3823,44
3824,52
3825,55
3826,6
3827,35
3828,32
3829,45
3830,34
3831,44
3832,14
3833,26
3834,45
3835,17
3836,43
3837,28
3838,29
3839,38
3840,35
3841,14
3842,31
3843,20
3844,11
3845,22
3846,37
3847,49
3848,36
3849,12
3850,20
3851,16
3852,46
3853,51
3854,24
3855,41
3856,32
3857,50
3858,24
3859,14
3860,45
3861,21
3862,15
3863,60
3864,42
3865,34
3866,22
3867,28
3868,28
3869,24
3870,21
3871,27
3872,20
3873,32
3874,6
3875,25
3876,39
3877,49
3878,10
3879,15
3880,47
3881,38
3882,20
3883,35
3884,4
3885,48
3886,20
3887,19
3888,32
3889,10
3890,31
3891,15
3892,40
3893,38
3894,7
3895,43
3896,23
3897,25
3898,20
3899,40
3900,11
3901,12
3902,29
3903,25
3904,15
3905,8
3906,46
3907,30
3908,27
3909,32
3910,28
3911,19
3912,44
3913,23
3914,46
3915,43
3916,12
3917,31
3918,30
3919,37
3920,35
3921,36
3922,30
3923,23
3924,14
3925,39
3926,39
3927,25
3928,30
3929,28
3930,39
3931,15
3932,48
3933,30
3934,5
3935,4
3936,36
3937,43
3938,26
3939,44
3940,18
3941,11
3942,20
3943,51
3944,30
3945,26
3946,32
3947,32
3948,42
3949,47
3950,47
3951,50
3952,39
3953,34
3954,24
3955,28
3956,41
3957,9
3958,13
3959,16
3960,3
3961,33
3962,38
3963,26
3964,14
3965,19
3966,12
3967,36
3968,52
3969,26
3970,57
3971,47
3972,15
3973,35
3974,23
3975,35
3976,19
3977,50
3978,42
3979,31
3980,43
3981,35
3982,41
3983,37
3984,56
3985,17
3986,54
3987,14
3988,15
3989,8
3990,13
3991,42
3992,33
3993,33
3994,41
3995,40
3996,34
3997,12
3998,47
3999,36
4000,26
4001,44
4002,16
4003,34
4004,41
4005,34
4006,39
4007,25
4008,45
4009,21
4010,21
4011,35
4012,27
4013,12
4014,37
4015,12
4016,5
4017,45
4018,30
4019,35
4020,46
4021,12
4022,11
4023,38
4024,8
4025,50
4026,42
4027,50
4028,37
4029,37
4030,45
4031,24
4032,33
4033,22
4034,25
4035,29
4036,22
4037,26
4038,24
4039,31
4040,37
4041,10
4042,35
4043,20
4044,21
4045,14
4046,53
4047,34
4048,31
4049,30
4050,47
4051,31
4052,33
4053,60
4054,38
4055,55
4056,28
4057,45
4058,31
4059,36
4060,25
4061,24
4062,53
4063,37
4064,40
4065,35
4066,19
4067,28
4068,17
4069,34
4070,34
4071,46
4072,17
4073,36
4074,41
4075,30
4076,33
4077,35
4078,28
4079,32
4080,38
4081,9
4082,51
4083,30
4084,29
4085,34
4086,41
4087,27
4088,8
4089,32
4090,52
4091,47
4092,40
4093,51
4094,31
4095,45
4096,55
4097,32
4098,14
4099,43
4100,22
4101,14
4102,44
4103,13
4104,27
4105,33
4106,9
4107,26
4108,26
4109,47
4110,19
4111,29
4112,29
4113,10
4114,22
4115,14
4116,13
4117,48
4118,35
4119,39
4120,17
4121,50
4122,17
4123,21
4124,28
4125,34
4126,21
4127,34
4128,26
4129,41
4130,11
4131,39
4132,29
4133,52
4134,32
4135,16
4136,32
4137,52
4138,44
4139,37
4140,11
4141,33
4142,30
4143,15
4144,23
4145,41
4146,48
4147,27
4148,47
4149,14
4150,38
4151,49
4152,46
4153,50
4154,48
4155,41
4156,30
4157,23
4158,23
4159,35
4160,7
4161,36
4162,16
4163,23
4164,29
4165,27
4166,13
4167,53
4168,23
4169,12
4170,21
4171,32
4172,29
4173,41
4174,45
4175,26
4176,28
4177,31
4178,17
4179,15
4180,23
4181,32
4182,21
4183,34
4184,34
4185,19
4186,48
4187,12
4188,21
4189,16
4190,34
4191,46
4192,36
4193,21
4194,49
4195,41
4196,25
4197,26
4198,12
4199,27
4200,6
4201,11
4202,16
4203,38
4204,21
4205,43
4206,21
4207,56
4208,12
4209,43
4210,14
4211,31
4212,40
4213,23
4214,52
4215,38
4216,19
4217,12
4218,31
4219,12
4220,29
4221,41
4222,35
4223,28
4224,13
4225,7
4226,43
4227,11
4228,18
4229,36
4230,14
4231,28
4232,22
4233,32
4234,55
4235,23
4236,24
4237,12
4238,50
4239,46
4240,31
4241,34
4242,43
4243,32
4244,35
4245,21
4246,53
4247,27
4248,34
4249,35
4250,37
4251,38
4252,18
4253,40
4254,31
4255,43
4256,13
4257,33
4258,20
4259,32
4260,22
4261,50
4262,22
4263,39
4264,10
4265,11
4266,5
4267,30
4268,13
4269,35
4270,29
4271,47
4272,28
4273,16
4274,31
4275,18
4276,27
4277,38
4278,33
4279,29
4280,25
4281,48
4282,43
4283,18
4284,47
4285,43
4286,42
4287,28
4288,25
4289,15
4290,51
4291,42
4292,9
4293,27
4294,19
4295,11
4296,45
4297,52
4298,40
4299,13
4300,22
4301,12
4302,23
4303,16
4304,38
4305,49
4306,34
4307,35
4308,34
4309,46
4310,6
4311,21
4312,26
4313,52
4314,35
4315,11
4316,50
4317,42
4318,39
4319,28
4320,46
4321,8
4322,30
4323,49
4324,35
4325,50
4326,49
4327,42
4328,15
4329,9
4330,39
4331,43
4332,9
4333,33
4334,25
4335,55
4336,24
4337,15
4338,43
4339,25
4340,25
4341,18
4342,28
4343,27
4344,47
4345,47
4346,25
4347,20
4348,19
4349,39
4350,24
4351,28
4352,21
4353,16
4354,40
4355,48
4356,29
4357,24
4358,7
4359,37
4360,24
4361,14
4362,40
4363,18
4364,6
4365,12
4366,39
4367,50
4368,44
4369,38
4370,37
4371,30
4372,52
4373,42
4374,52
4375,36
4376,28
4377,38
4378,47
4379,31
4380,15
4381,19
4382,30
4383,38
4384,26
4385,44
4386,27
4387,8
4388,13
4389,16
4390,5
4391,47
4392,39
4393,35
4394,43
4395,24
4396,38
4397,14
4398,12
4399,24
4400,20
4401,9
4402,47
4403,42
4404,12
4405,26
4406,40
4407,15
4408,18
4409,45
4410,36
4411,41
4412,29
4413,25
4414,42
4415,36
4416,30
4417,2
4418,29
4419,26
4420,7
4421,35
4422,36
4423,41
4424,47
4425,39
4426,11
4427,51
4428,20
4429,27
4430,16
4431,34
4432,34
4433,22
4434,42
4435,47
4436,25
4437,38
4438,42
4439,36
4440,33
4441,24
4442,12
4443,41
4444,16
4445,47
4446,14
4447,9
4448,6
4449,9
4450,50
4451,38
4452,19
4453,13
4454,23
4455,28
4456,30
4457,52
4458,43
4459,13
4460,32
4461,43
4462,25
4463,45
4464,19
4465,37
4466,35
4467,25
4468,29
4469,28
4470,35
4471,30
4472,45
4473,30
4474,23
4475,25
4476,53
4477,13
4478,39
4479,30
4480,11
4481,23
4482,20
4483,26
4484,56
4485,40
4486,17
4487,30
4488,52
4489,42
4490,33
4491,16
4492,38
4493,38
4494,9
4495,41
4496,37
4497,6
4498,31
4499,29
4500,31
4501,9
4502,10
4503,26
4504,37
4505,36
4506,54
4507,32
4508,23
4509,31
4510,42
4511,32
4512,34
4513,13
4514,31
4515,8
4516,16
4517,17
4518,11
4519,47
4520,37
4521,26
4522,37
4523,29
4524,25
4525,23
4526,17
4527,34
4528,25
4529,27
4530,39
4531,10
4532,14
4533,43
4534,27
4535,44
4536,30
4537,16
4538,24
4539,20
4540,47
4541,14
4542,55
4543,43
4544,28
4545,33
4546,12
4547,41
4548,38
4549,30
4550,26
4551,9
4552,35
4553,25
4554,21
4555,18
4556,22
4557,46
4558,18
4559,38
4560,35
4561,22
4562,35
4563,18
4564,46
4565,53
4566,30
4567,32
4568,24
4569,15
4570,18
4571,38
4572,32
4573,39
4574,51
4575,28
4576,19
4577,47
4578,31
4579,13
4580,10
4581,28
4582,37
4583,20
4584,42
4585,52
4586,40
4587,43
4588,24
4589,17
4590,43
4591,23
4592,47
4593,26
4594,26
4595,44
4596,22
4597,28
4598,36
4599,8
4600,21
4601,52
4602,25
4603,31
4604,35
4605,26
4606,29
4607,32
4608,41
4609,33
4610,31
4611,52
4612,28
4613,29
4614,49
4615,11
4616,34
4617,23
4618,46
4619,44
4620,47
4621,18
4622,39
4623,24
4624,40
4625,40
4626,46
4627,13
4628,33
4629,28
4630,40
4631,37
4632,17
4633,21
4634,24
4635,28
4636,34
4637,45
4638,44
4639,23
4640,9
4641,28
4642,17
4643,40
4644,35
4645,29
4646,12
4647,30
4648,6
4649,35
4650,44
4651,38
4652,41
4653,33
4654,55
4655,33
4656,19
4657,25
4658,35
4659,10
4660,24
4661,38
4662,19
4663,11
4664,21
4665,35
4666,13
4667,12
4668,46
4669,38
4670,29
4671,30
4672,53
4673,30
4674,39
4675,14
4676,37
4677,32
4678,42
4679,18
4680,46
4681,15
4682,21
4683,50
4684,17
4685,39
4686,42
4687,33
4688,11
4689,26
4690,29
4691,11
4692,22
4693,29
4694,12
4695,41
4696,32
4697,20
4698,48
4699,10
4700,35
4701,37
4702,32
4703,14
4704,10
4705,18
4706,12
4707,28
4708,20
4709,8
4710,15
4711,33
4712,14
4713,30
4714,18
4715,52
4716,29
4717,48
4718,23
4719,23
4720,33
4721,7
4722,30
4723,15
4724,35
4725,42
4726,21
4727,48
4728,22
4729,22
4730,35
4731,13
4732,13
4733,13
4734,36
4735,29
4736,19
4737,27
4738,39
4739,8
4740,48
4741,28
4742,23
4743,39
4744,25
4745,49
4746,24
4747,21
4748,44
4749,36
4750,28
4751,35
4752,39
4753,27
4754,16
4755,15
4756,34
4757,40
4758,42
4759,11
4760,24
4761,30
4762,21
4763,26
4764,10
4765,56
4766,44
4767,13
4768,7
4769,52
4770,19
4771,26
4772,32
4773,19
4774,33
4775,12
4776,37
4777,18
4778,51
4779,47
4780,19
4781,30
4782,23
4783,10
4784,42
4785,50
4786,34
4787,8
4788,30
4789,26
4790,33
4791,31
4792,23
4793,35
4794,36
4795,29
4796,37
4797,35
4798,37
4799,12
4800,32
4801,33
4802,16
4803,36
4804,20
4805,31
4806,17
4807,37
4808,45
4809,10
4810,38
4811,13
4812,48
4813,26
4814,13
4815,23
4816,46
4817,23
4818,23
4819,38
4820,52
4821,20
4822,9
4823,37
4824,47
4825,14
4826,14
4827,8
4828,5
4829,46
4830,18
4831,13
4832,17
4833,19
4834,37
4835,41
4836,43
4837,54
4838,52
4839,35
4840,26
4841,9
4842,21
4843,14
4844,15
4845,6
4846,46
4847,39
4848,29
4849,30
4850,40
4851,31
4852,45
4853,34
4854,40
4855,46
4856,21
4857,39
4858,48
4859,21
4860,21
4861,47
4862,11
4863,54
4864,23
4865,34
4866,11
4867,44
4868,25
4869,48
4870,12
4871,43
4872,44
4873,35
4874,10
4875,10
4876,8
4877,26
4878,43
4879,41
4880,25
4881,13
4882,32
4883,54
4884,19
4885,35
4886,38
4887,28
4888,24
4889,50
4890,44
4891,49
4892,29
4893,11
4894,13
4895,32
4896,30
4897,21
4898,42
4899,15
4900,21
4901,46
4902,34
4903,21
4904,44
4905,46
4906,16
4907,50
4908,26
4909,43
4910,41
4911,27
4912,23
4913,45
4914,28
4915,38
4916,34
4917,26
4918,51
4919,10
4920,41
4921,27
4922,41
4923,45
4924,12
4925,14
4926,16
4927,25
4928,26
4929,30
4930,26
4931,21
4932,40
4933,14
4934,28
4935,14
4936,12
4937,14
4938,42
4939,38
4940,12
4941,30
4942,15
4943,30
4944,39
4945,29
4946,41
4947,26
4948,41
4949,14
4950,29
4951,48
4952,13
4953,40
4954,25
4955,50
4956,33
4957,20
4958,5
4959,15
4960,32
4961,20
4962,30
4963,33
4964,22
4965,26
4966,16
4967,43
4968,8
4969,21
4970,33
4971,22
4972,52
4973,13
4974,27
4975,35
4976,28
4977,45
4978,37
4979,10
4980,43
4981,31
4982,44
4983,40
4984,10
4985,50
4986,37
4987,13
4988,12
4989,56
4990,26
4991,37
4992,30
4993,29
4994,22
4995,30
4996,34
4997,27
4998,12
4999,33
5000,33
5001,39
5002,45
5003,32
5004,34
5005,23
5006,22
5007,36
5008,36
5009,7
5010,33
5011,7
5012,11
5013,9
5014,39
5015,34
5016,34
5017,28
5018,16
5019,26
5020,46
5021,38
5022,36
5023,37
5024,18
5025,32
5026,20
5027,20
5028,34
5029,32
5030,18
5031,24
5032,37
5033,12
5034,27
5035,17
5036,7
5037,28
5038,41
5039,46
5040,33
5041,20
5042,14
5043,29
5044,19
5045,34
5046,18
5047,32
5048,47
5049,37
5050,23
5051,10
5052,10
5053,8
5054,54
5055,41
5056,46
5057,8
5058,16
5059,58
5060,39
5061,51
5062,39
5063,7
5064,23
5065,13
5066,49
5067,54
5068,15
5069,33
5070,50
5071,26
5072,28
5073,48
5074,31
5075,18
5076,44
5077,36
5078,30
5079,30
5080,10
5081,30
5082,37
5083,19
5084,17
5085,7
5086,25
5087,26
5088,12
5089,37
5090,12
5091,47
5092,49
5093,33
5094,44
5095,19
5096,18
5097,8
5098,25
5099,7
5100,52
5101,8
5102,26
5103,14
5104,20
5105,35
5106,17
5107,24
5108,12
5109,21
5110,31
5111,38
5112,33
5113,51
5114,17
5115,15
5116,14
5117,15
5118,20
5119,43
5120,34
5121,38
5122,43
5123,54
5124,56
5125,32
5126,20
5127,24
5128,43
5129,23
5130,29
5131,44
5132,27
5133,35
5134,7
5135,34
5136,11
5137,10
5138,15
5139,31
5140,25
5141,10
5142,16
5143,23
5144,44
5145,23
5146,12
5147,54
5148,10
5149,36
5150,37
5151,44
5152,6
5153,29
5154,19
5155,5
5156,42
5157,32
5158,9
5159,36
5160,26
5161,11
5162,26
5163,9
5164,22
5165,35
5166,55
5167,9
5168,42
5169,46
5170,50
5171,48
5172,51
5173,33
5174,38
5175,37
5176,40
5177,32
5178,22
5179,32
5180,40
5181,37
5182,46
5183,17
5184,14
5185,55
5186,9
5187,10
5188,22
5189,34
5190,37
5191,31
5192,40
5193,13
5194,14
5195,26
5196,11
5197,19
5198,20
5199,25
5200,36
5201,29
5202,24
5203,19
5204,10
5205,34
5206,21
5207,30
5208,28
5209,8
5210,12
5211,28
5212,35
5213,26
5214,13
5215,13
5216,31
5217,26
5218,42
5219,22
5220,30
5221,41
5222,47
5223,34
5224,53
5225,48
5226,20
5227,38
5228,11
5229,28
5230,27
5231,13
5232,44
5233,18
5234,41
5235,44
5236,35
5237,10
5238,18
5239,41
5240,22
5241,51
5242,12
5243,43
5244,19
5245,15
5246,19
5247,26
5248,21
5249,37
5250,43
5251,19
5252,46
5253,39
5254,50
5255,39
5256,44
5257,15
5258,50
5259,52
5260,62
5261,7
5262,19
5263,26
5264,25
5265,14
5266,34
5267,41
5268,36
5269,20
5270,26
5271,11
5272,51
5273,42
5274,38
5275,39
5276,11
5277,19
5278,30
5279,45
5280,46
5281,32
5282,46
5283,33
5284,10
5285,35
5286,23
5287,22
5288,30
5289,37
5290,25
5291,23
5292,42
5293,21
5294,44
5295,31
5296,38
5297,43
5298,40
5299,32
5300,41
5301,27
5302,46
5303,48
5304,41
5305,33
5306,24
5307,11
5308,61
5309,35
5310,28
5311,17
5312,40
5313,54
5314,9
5315,23
5316,20
5317,24
5318,47
5319,43
5320,40
5321,16
5322,38
5323,31
5324,9
5325,7
5326,7
5327,28
5328,26
5329,43
5330,30
5331,36
5332,36
5333,15
5334,15
5335,15
5336,33
5337,30
5338,55
5339,11
5340,13
5341,23
5342,36
5343,40
5344,22
5345,24
5346,16
5347,35
5348,19
5349,46
5350,39
5351,26
5352,15
5353,56
5354,49
5355,27
5356,54
5357,23
5358,33
5359,50
5360,38
5361,6
5362,27
5363,33
5364,35
5365,32
5366,10
5367,8
5368,35
5369,32
5370,27
5371,17
5372,26
5373,7
5374,11
5375,31
5376,31
5377,38
5378,11
5379,32
5380,25
5381,14
5382,47
5383,46
5384,24
5385,31
5386,39
5387,38
5388,45
5389,29
5390,46
5391,46
5392,35
5393,29
5394,8
5395,17
5396,40
5397,46
5398,36
5399,13
5400,34
5401,8
5402,32
5403,45
5404,20
5405,24
5406,12
5407,19
5408,45
5409,27
5410,17
5411,25
5412,21
5413,8
5414,11
5415,14
5416,32
5417,38
5418,50
5419,17
5420,20
5421,37
5422,17
5423,19
5424,16
5425,29
5426,24
5427,40
5428,11
5429,49
5430,43
5431,37
5432,11
5433,16
5434,35
5435,46
5436,33
5437,42
5438,19
5439,10
5440,22
5441,20
5442,30
5443,30
5444,24
5445,38
5446,10
5447,28
5448,24
5449,35
5450,51
5451,30
5452,32
5453,50
5454,22
5455,24
5456,27
5457,18
5458,42
5459,26
5460,42
5461,15
5462,27
5463,33
5464,27
5465,15
5466,35
5467,24
5468,23
5469,26
5470,18
5471,12
5472,35
5473,33
5474,37
5475,6
5476,41
5477,20
5478,39
5479,4
5480,20
5481,46
5482,22
5483,35
5484,31
5485,29
5486,45
5487,42
5488,49
5489,27
5490,26
5491,37
5492,45
5493,50
5494,27
5495,28
5496,12
5497,36
5498,17
5499,6
5500,39
5501,36
5502,33
5503,19
5504,5
5505,23
5506,10
5507,28
5508,28
5509,32
5510,49
5511,33
5512,26
5513,14
5514,14
5515,45
5516,38
5517,25
5518,30
5519,7
5520,42
5521,13
5522,30
5523,21
5524,10
5525,11
5526,37
5527,26
5528,13
5529,22
5530,40
5531,28
5532,55
5533,47
5534,42
5535,57
5536,57
5537,25
5538,27
5539,34
5540,18
5541,33
5542,36
5543,23
5544,35
5545,32
5546,38
5547,29
5548,32
5549,39
5550,8
5551,18
5552,37
5553,8
5554,43
5555,25
5556,37
5557,20
5558,42
5559,9
5560,21
5561,31
5562,17
5563,35
5564,38
5565,13
5566,36
5567,47
5568,42
5569,48
5570,15
5571,32
5572,41
5573,39
5574,9
5575,24
5576,49
5577,8
5578,19
5579,47
5580,34
5581,33
5582,12
5583,8
5584,52
5585,45
5586,33
5587,32
5588,51
5589,34
5590,33
5591,45
5592,18
5593,29
5594,44
5595,7
5596,30
5597,29
5598,26
5599,26
5600,23
5601,36
5602,37
5603,25
5604,32
5605,38
5606,46
5607,46
5608,31
5609,47
5610,36
5611,53
5612,14
5613,27
5614,23
5615,24
5616,48
5617,15
5618,13
5619,26
5620,15
5621,20
5622,25
5623,30
5624,26
5625,13
5626,19
5627,33
5628,42
5629,11
5630,43
5631,22
5632,18
5633,37
5634,47
5635,36
5636,27
5637,27
5638,29
5639,52
5640,56
5641,20
5642,50
5643,34
5644,24
5645,34
5646,16
5647,25
5648,10
5649,28
5650,44
5651,49
5652,42
5653,22
5654,29
5655,46
5656,36
5657,26
5658,28
5659,10
5660,17
5661,6
5662,44
5663,37
5664,12
5665,39
5666,37
5667,52
5668,27
5669,34
5670,46
5671,10
5672,34
5673,12
5674,20
5675,12
5676,11
5677,15
5678,13
5679,30
5680,41
5681,35
5682,11
5683,32
5684,50
5685,22
5686,26
5687,39
5688,10
5689,9
5690,33
5691,49
5692,13
5693,12
5694,21
5695,47
5696,29
5697,15
5698,37
5699,50
5700,41
5701,31
5702,12
5703,7
5704,30
5705,24
5706,11
5707,36
5708,29
5709,13
5710,34
5711,39
5712,39
5713,34
5714,49
5715,40
5716,11
5717,52
5718,20
5719,17
5720,20
5721,28
5722,11
5723,15
5724,24
5725,34
5726,31
5727,33
5728,32
5729,52
5730,42
5731,36
5732,8
5733,24
5734,28
5735,33
5736,49
5737,27
5738,44
5739,24
5740,36
5741,40
5742,13
5743,5
5744,46
5745,39
5746,52
5747,44
5748,44
5749,12
5750,29
5751,52
5752,34
5753,27
5754,42
5755,42
5756,30
5757,29
5758,26
5759,17
5760,28
5761,45
5762,27
5763,43
5764,48
5765,26
5766,35
5767,47
5768,37
5769,8
5770,35
5771,8
5772,34
5773,7
5774,33
5775,44
5776,25
5777,31
5778,32
5779,44
5780,24
5781,15
5782,34
5783,41
5784,35
5785,33
5786,45
5787,27
5788,16
5789,38
5790,36
5791,18
5792,20
5793,18
5794,20
5795,30
5796,23
5797,38
5798,24
5799,32
5800,32
5801,20
5802,37
5803,39
5804,45
5805,16
5806,14
5807,15
5808,34
5809,26
5810,49
5811,11
5812,10
5813,29
5814,27
5815,11
5816,38
5817,10
5818,20
5819,45
5820,12
5821,8
5822,11
5823,50
5824,34
5825,48
5826,41
5827,31
5828,19
5829,39
5830,38
5831,22
5832,35
5833,4
5834,45
5835,43
5836,29
5837,49
5838,32
5839,30
5840,27
5841,29
5842,24
5843,23
5844,49
5845,8
5846,52
5847,21
5848,14
5849,18
5850,13
5851,13
5852,26
5853,38
5854,25
5855,27
5856,14
5857,32
5858,8
5859,44
5860,21
5861,39
5862,13
5863,37
5864,11
5865,25
5866,25
5867,23
5868,42
5869,18
5870,31
5871,19
5872,13
5873,24
5874,49
5875,56
5876,28
5877,11
5878,35
5879,43
5880,33
5881,20
5882,8
5883,30
5884,46
5885,29
5886,31
5887,32
5888,16
5889,47
5890,14
5891,14
5892,25
5893,15
5894,34
5895,23
5896,31
5897,24
5898,12
5899,29
5900,15
5901,49
5902,34
5903,37
5904,36
5905,42
5906,7
5907,46
5908,43
5909,4
5910,23
5911,15
5912,37
5913,26
5914,26
5915,47
5916,21
5917,38
5918,28
5919,12
5920,20
5921,7
5922,25
5923,34
5924,32
5925,13
5926,21
5927,30
5928,53
5929,26
5930,8
5931,41
5932,19
5933,19
5934,35
5935,32
5936,22
5937,46
5938,25
5939,19
5940,13
5941,36
5942,24
5943,37
5944,31
5945,7
5946,27
5947,22
5948,17
5949,14
5950,23
5951,50
5952,19
5953,34
5954,34
5955,31
5956,14
5957,31
5958,46
5959,10
5960,36
5961,59
5962,30
5963,39
5964,31
5965,8
5966,43
5967,21
5968,34
5969,13
5970,17
5971,23
5972,24
5973,50
5974,27
5975,11
5976,27
5977,38
5978,28
5979,9
5980,20
5981,11
5982,50
5983,46
5984,24
5985,28
5986,9
5987,39
5988,35
5989,26
5990,35
5991,47
5992,35
5993,51
5994,31
5995,27
5996,36
5997,23
5998,20
5999,11
6000,26
6001,22
6002,25
6003,41
6004,13
6005,30
6006,39
6007,36
6008,32
6009,29
6010,23
6011,21
6012,18
6013,23
6014,5
6015,30
6016,34
6017,46
6018,24
6019,44
6020,23
6021,24
6022,15
6023,15
6024,39
6025,10
6026,23
6027,32
6028,29
6029,24
6030,44
6031,49
6032,13
6033,20
6034,50
6035,43
6036,29
6037,23
6038,11
6039,30
6040,53
6041,12
6042,18
6043,23
6044,18
6045,22
6046,35
6047,24
6048,16
6049,30
6050,23
6051,24
6052,10
6053,11
6054,30
6055,12
6056,19
6057,26
6058,21
6059,42
6060,18
6061,39
6062,47
6063,50
6064,46
6065,26
6066,29
6067,33
6068,23
6069,17
6070,34
6071,32
6072,52
6073,18
6074,37
6075,25
6076,20
6077,35
6078,29
6079,36
6080,36
6081,41
6082,15
6083,27
6084,42
6085,22
6086,22
6087,10
6088,43
6089,30
6090,10
6091,27
6092,46
6093,42
6094,35
6095,17
6096,44
6097,44
6098,48
6099,27
6100,16
6101,50
6102,33
6103,17
6104,23
6105,30
6106,33
6107,35
6108,31
6109,42
6110,45
6111,47
6112,53
6113,11
6114,50
6115,40
6116,47
6117,39
6118,28
6119,4
6120,50
6121,7
6122,11
6123,18
6124,10
6125,39
6126,10
6127,38
6128,14
6129,29
6130,54
6131,31
6132,52
6133,30
6134,29
6135,29
6136,29
6137,21
6138,37
6139,35
6140,16
6141,26
6142,25
6143,40
6144,43
6145,52
6146,34
6147,29
6148,52
6149,32
6150,29
6151,16
6152,34
6153,14
6154,37
6155,17
6156,33
6157,18
6158,33
6159,12
6160,29
6161,38
6162,41
6163,53
6164,36
6165,12
6166,44
6167,31
6168,37
6169,34
6170,10
6171,21
6172,49
6173,22
6174,33
6175,19
6176,9
6177,37
6178,4
6179,52
6180,7
6181,10
6182,14
6183,22
6184,39
6185,38
6186,38
6187,11
6188,21
6189,21
6190,37
6191,22
6192,26
6193,40
6194,27
6195,48
6196,47
6197,22
6198,48
6199,31
6200,39
6201,16
6202,46
6203,36
6204,23
6205,39
6206,25
6207,10
6208,23
6209,50
6210,19
6211,15
6212,28
6213,26
6214,47
6215,26
6216,31
6217,24
6218,48
6219,5
6220,18
6221,31
6222,41
6223,32
6224,20
6225,51
6226,23
6227,54
6228,41
6229,6
6230,34
6231,48
6232,42
6233,24
6234,39
6235,30
6236,27
6237,46
6238,31
6239,33
6240,3
6241,34
6242,44
6243,15
6244,24
6245,16
6246,22
6247,51
6248,1
6249,32
6250,35
6251,41
6252,13
6253,14
6254,18
6255,40
6256,18
6257,28
6258,14
6259,21
6260,44
6261,15
6262,42
6263,31
6264,19
6265,41
6266,29
6267,14
6268,9
6269,12
6270,19
6271,28
6272,31
6273,22
6274,43
6275,45
6276,14
6277,11
6278,13
6279,35
6280,16
6281,33
6282,22
6283,44
6284,35
6285,34
6286,40
6287,50
6288,30
6289,35
6290,24
6291,57
6292,51
6293,35
6294,44
6295,48
6296,46
6297,30
6298,25
6299,41
6300,18
6301,34
6302,22
6303,20
6304,33
6305,38
6306,24
6307,19
6308,45
6309,33
6310,-1
6311,30
6312,44
6313,33
6314,46
6315,27
6316,54
6317,39
6318,48
6319,36
6320,14
6321,27
6322,28
6323,31
6324,36
6325,24
6326,38
6327,16
6328,34
6329,29
6330,51
6331,49
6332,22
6333,14
6334,13
6335,45
6336,46
6337,10
6338,17
6339,34
6340,31
6341,26
6342,11
6343,33
6344,33
6345,52
6346,26
6347,24
6348,50
6349,16
6350,46
6351,15
6352,25
6353,36
6354,47
6355,32
6356,41
6357,33
6358,5
6359,30
6360,31
6361,41
6362,33
6363,31
6364,26
6365,13
6366,18
6367,31
6368,32
6369,52
6370,47
6371,16
6372,47
6373,11
6374,28
6375,21
6376,12
6377,37
6378,35
6379,14
6380,28
6381,11
6382,42
6383,16
6384,5
6385,26
6386,8
6387,18
6388,26
6389,10
6390,29
6391,40
6392,28
6393,32
6394,13
6395,18
6396,5
6397,34
6398,13
6399,7
6400,33
6401,13
6402,47
6403,7
6404,24
6405,17
6406,20
6407,34
6408,47
6409,54
6410,11
6411,13
6412,12
6413,20
6414,10
6415,24
6416,22
6417,41
6418,6
6419,29
6420,41
6421,34
6422,16
6423,10
6424,11
6425,44
6426,21
6427,20
6428,6
6429,24
6430,18
6431,36
6432,33
6433,31
6434,35
6435,48
6436,38
6437,22
6438,27
6439,30
6440,40
6441,17
6442,49
6443,41
6444,46
6445,23
6446,29
6447,31
6448,40
6449,29
6450,37
6451,32
6452,41
6453,53
6454,32
6455,23
6456,15
6457,36
6458,18
6459,24
6460,21
6461,18
6462,48
6463,32
6464,17
6465,17
6466,51
6467,29
6468,48
6469,54
6470,42
6471,11
6472,50
6473,8
6474,9
6475,34
6476,26
6477,18
6478,49
6479,20
6480,18
6481,39
6482,26
6483,20
6484,50
6485,27
6486,20
6487,10
6488,34
6489,10
6490,37
6491,17
6492,32
6493,17
6494,41
6495,44
6496,21
6497,48
6498,45
6499,41
6500,31
6501,32
6502,26
6503,10
6504,38
6505,20
6506,36
6507,12
6508,25
6509,37
6510,28
6511,34
6512,9
6513,32
6514,12
6515,39
6516,40
6517,19
6518,30
6519,30
6520,40
6521,30
6522,18
6523,11
6524,32
6525,54
6526,18
6527,42
6528,37
6529,14
6530,17
6531,26
6532,51
6533,57
6534,27
6535,45
6536,25
6537,28
6538,37
6539,37
6540,36
6541,35
6542,45
6543,6
6544,33
6545,31
6546,9
6547,18
6548,17
6549,17
6550,31
6551,23
6552,29
6553,29
6554,43
6555,42
6556,40
6557,30
6558,31
6559,31
6560,29
6561,33
6562,34
6563,15
6564,29
6565,38
6566,46
6567,42
6568,31
6569,16
6570,38
6571,38
6572,29
6573,40
6574,27
6575,32
6576,43
6577,50
6578,49
6579,22
6580,15
6581,20
6582,16
6583,21
6584,50
6585,10
6586,38
6587,59
6588,16
6589,31
6590,22
6591,38
6592,14
6593,33
6594,40
6595,35
6596,9
6597,19
6598,47
6599,32
6600,43
6601,11
6602,51
6603,46
6604,19
6605,29
6606,39
6607,17
6608,11
6609,47
6610,21
6611,46
6612,38
6613,34
6614,38
6615,43
6616,57
6617,20
6618,21
6619,38
6620,34
6621,4
6622,40
6623,26
6624,15
6625,35
6626,42
6627,10
6628,10
6629,28
6630,38
6631,27
6632,22
6633,25
6634,30
6635,46
6636,44
6637,17
6638,6
6639,44
6640,41
6641,11
6642,33
6643,31
6644,30
6645,39
6646,16
6647,17
6648,10
6649,39
6650,32
6651,13
6652,24
6653,23
6654,31
6655,60
6656,30
6657,37
6658,42
6659,43
6660,16
6661,29
6662,20
6663,47
6664,11
6665,11
6666,14
6667,17
6668,25
6669,37
6670,14
6671,25
6672,51
6673,45
6674,32
6675,23
6676,36
6677,20
6678,29
6679,34
6680,33
6681,24
6682,25
6683,18
6684,15
6685,5
6686,6
6687,43
6688,44
6689,11
6690,13
6691,27
6692,8
6693,35
6694,13
6695,7
6696,32
6697,13
6698,29
6699,41
6700,9
6701,32
6702,31
6703,18
6704,15
6705,31
6706,19
6707,30
6708,43
6709,10
6710,21
6711,22
6712,20
6713,57
6714,30
6715,14
6716,9
6717,33
6718,36
6719,20
6720,41
6721,29
6722,41
6723,51
6724,28
6725,17
6726,33
6727,18
6728,56
6729,48
6730,14
6731,25
6732,17
6733,30
6734,31
6735,8
6736,20
6737,28
6738,11
6739,36
6740,31
6741,30
6742,31
6743,6
6744,39
6745,22
6746,41
6747,32
6748,25
6749,51
6750,34
6751,7
6752,47
6753,28
6754,22
6755,24
6756,27
6757,46
6758,21
6759,14
6760,40
6761,16
6762,33
6763,26
6764,24
6765,7
6766,47
6767,5
6768,33
6769,9
6770,13
6771,31
6772,25
6773,30
6774,22
6775,29
6776,28
6777,48
6778,25
6779,48
6780,34
6781,29
6782,41
6783,36
6784,29
6785,24
6786,58
6787,21
6788,29
6789,16
6790,6
6791,52
6792,25
6793,19
6794,40
6795,50
6796,34
6797,11
6798,7
6799,7
6800,35
6801,24
6802,23
6803,47
6804,27
6805,44
6806,15
6807,30
6808,21
6809,31
6810,12
6811,34
6812,20
6813,26
6814,31
6815,20
6816,40
6817,16
6818,39
6819,25
6820,26
6821,40
6822,13
6823,27
6824,25
6825,9
6826,55
6827,38
6828,37
6829,13
6830,21
6831,49
6832,22
6833,38
6834,50
6835,45
6836,20
6837,11
6838,30
6839,30
6840,44
6841,33
6842,40
6843,20
6844,26
6845,50
6846,25
6847,26
6848,37
6849,33
6850,26
6851,34
6852,19
6853,17
6854,19
6855,26
6856,31
6857,12
6858,29
6859,16
6860,13
6861,53
6862,44
6863,34
6864,51
6865,23
6866,28
6867,29
6868,49
6869,31
6870,21
6871,7
6872,24
6873,48
6874,41
6875,5
6876,10
6877,51
6878,11
6879,35
6880,26
6881,51
6882,50
6883,28
6884,44
6885,38
6886,43
6887,9
6888,35
6889,49
6890,20
6891,29
6892,19
6893,49
6894,37
6895,16
6896,8
6897,10
6898,33
6899,51
6900,5
6901,53
6902,8
6903,23
6904,26
6905,50
6906,44
6907,35
6908,47
6909,34
6910,28
6911,12
6912,34
6913,45
6914,25
6915,29
6916,40
6917,47
6918,14
6919,51
6920,33
6921,30
6922,49
6923,36
6924,40
6925,19
6926,41
6927,37
6928,33
6929,56
6930,54
6931,52
6932,25
6933,41
6934,51
6935,40
6936,52
6937,21
6938,46
6939,26
6940,23
6941,25
6942,16
6943,40
6944,27
6945,30
6946,40
6947,39
6948,41
6949,29
6950,43
6951,49
6952,21
6953,10
6954,40
6955,7
6956,11
6957,44
6958,40
6959,45
6960,20
6961,18
6962,39
6963,27
6964,22
6965,32
6966,33
6967,13
6968,26
6969,9
6970,33
6971,23
6972,22
6973,34
6974,45
6975,30
6976,29
6977,53
6978,37
6979,25
6980,36
6981,39
6982,31
6983,44
6984,35
6985,13
6986,24
6987,38
6988,32
6989,31
6990,42
6991,25
6992,29
6993,26
6994,21
6995,6
6996,39
6997,10
6998,35
6999,25
7000,45
7001,41
7002,23
7003,33
7004,24
7005,38
7006,55
7007,35
7008,35
7009,33
7010,49
7011,28
7012,14
7013,44
7014,14
7015,41
7016,33
7017,50
7018,41
7019,14
7020,50
7021,37
7022,37
7023,31
7024,48
7025,29
7026,40
7027,17
7028,40
7029,30
7030,45
7031,54
7032,17
7033,4
7034,33
7035,11
7036,21
7037,36
7038,28
7039,9
7040,36
7041,23
7042,26
7043,41
7044,27
7045,29
7046,38
7047,17
7048,30
7049,44
7050,22
7051,29
7052,33
7053,7
7054,21
7055,27
7056,8
7057,20
7058,33
7059,25
7060,38
7061,28
7062,33
7063,32
7064,35
7065,31
7066,22
7067,47
7068,35
7069,32
7070,33
7071,15
7072,13
7073,29
7074,31
7075,50
7076,37
7077,35
7078,20
7079,36
7080,16
7081,19
7082,51
7083,8
7084,37
7085,19
7086,15
7087,27
7088,32
7089,15
7090,33
7091,30
7092,11
7093,19
7094,27
7095,23
7096,42
7097,13
7098,31
7099,22
7100,14
7101,5
7102,16
7103,45
7104,30
7105,39
7106,51
7107,28
7108,30
7109,23
7110,18
7111,18
7112,7
7113,50
7114,36
7115,25
7116,19
7117,33
7118,45
7119,30
7120,21
7121,16
7122,34
7123,25
7124,26
7125,9
7126,42
7127,35
7128,28
7129,62
7130,36
7131,33
7132,57
7133,22
7134,5
7135,37
7136,16
7137,15
7138,19
7139,49
7140,50
7141,46
7142,46
7143,39
7144,50
7145,37
7146,45
7147,39
7148,43
7149,48
7150,29
7151,21
7152,42
7153,32
7154,23
7155,14
7156,39
7157,38
7158,11
7159,38
7160,28
7161,27
7162,45
7163,28
7164,27
7165,17
7166,15
7167,44
7168,24
7169,49
7170,22
7171,8
7172,34
7173,34
7174,26
7175,42
7176,30
7177,39
7178,30
7179,49
7180,51
7181,29
7182,15
7183,36
7184,34
7185,40
7186,17
7187,46
7188,25
7189,36
7190,32
7191,40
7192,29
7193,30
7194,16
7195,16
7196,23
7197,33
7198,38
7199,37
7200,36
7201,41
7202,32
7203,18
7204,42
7205,53
7206,9
7207,43
7208,14
7209,43
7210,31
7211,47
7212,23
7213,22
7214,16
7215,28
7216,9
7217,22
7218,39
7219,35
7220,14
7221,49
7222,35
7223,48
7224,8
7225,30
7226,46
7227,38
7228,11
7229,51
7230,34
7231,7
7232,21
7233,24
7234,27
7235,46
7236,15
7237,15
7238,36
7239,20
7240,49
7241,48
7242,60
7243,38
7244,22
7245,49
7246,19
7247,31
7248,35
7249,9
7250,9
7251,9
7252,42
7253,34
7254,42
7255,23
7256,11
7257,35
7258,31
7259,28
7260,27
7261,40
7262,12
7263,28
7264,53
7265,32
7266,24
7267,24
7268,22
7269,17
7270,27
7271,43
7272,25
7273,32
7274,46
7275,12
7276,46
7277,18
7278,12
7279,16
7280,26
7281,32
7282,18
7283,12
7284,43
7285,29
7286,29
7287,12
7288,25
7289,36
7290,11
7291,45
7292,26
7293,25
7294,9
7295,30
7296,22
7297,28
7298,35
7299,17
7300,38
7301,26
7302,49
7303,10
7304,40
7305,15
7306,4
7307,37
7308,27
7309,52
7310,39
7311,27
7312,7
7313,35
7314,41
7315,28
7316,34
7317,27
7318,14
7319,44
7320,28
7321,27
7322,43
7323,27
7324,8
7325,18
7326,45
7327,26
7328,41
7329,38
7330,40
7331,36
7332,46
7333,28
7334,42
7335,15
7336,26
7337,13
7338,18
7339,12
7340,12
7341,44
7342,15
7343,30
7344,30
7345,47
7346,11
7347,11
7348,33
7349,47
7350,12
7351,30
7352,27
7353,42
7354,52
7355,28
7356,44
7357,33
7358,41
7359,22
7360,22
7361,22
7362,32
7363,33
7364,17
7365,4
7366,9
7367,19
7368,28
7369,11
7370,8
7371,29
7372,55
7373,24
7374,17
7375,32
7376,32
7377,32
7378,38
7379,26
7380,21
7381,44
7382,50
7383,48
7384,32
7385,40
7386,28
7387,38
7388,37
7389,8
7390,31
7391,49
7392,46
7393,8
7394,28
7395,22
7396,40
7397,35
7398,16
7399,24
7400,50
7401,17
7402,10
7403,40
7404,39
7405,39
7406,37
7407,13
7408,36
7409,26
7410,31
7411,11
7412,39
7413,14
7414,18
7415,23
7416,23
7417,20
7418,32
7419,47
7420,17
7421,45
7422,16
7423,32
7424,5
7425,51
7426,21
7427,38
7428,21
7429,19
7430,36
7431,43
7432,7
7433,28
7434,26
7435,44
7436,33
7437,11
7438,41
7439,18
7440,50
7441,31
7442,42
7443,14
7444,6
7445,35
7446,10
7447,39
7448,45
7449,21
7450,17
7451,10
7452,11
7453,43
7454,41
7455,25
7456,15
7457,24
7458,9
7459,33
7460,7
7461,49
7462,32
7463,8
7464,20
7465,11
7466,31
7467,27
7468,28
7469,28
7470,42
7471,11
7472,33
7473,26
7474,27
7475,31
7476,15
7477,13
7478,38
7479,14
7480,6
7481,42
7482,26
7483,37
7484,30
7485,22
7486,41
7487,20
7488,43
7489,34
7490,4
7491,31
7492,32
7493,10
7494,38
7495,31
7496,43
7497,29
7498,53
7499,52
7500,9
7501,19
7502,33
7503,35
7504,34
7505,15
7506,8
7507,27
7508,31
7509,29
7510,43
7511,39
7512,39
7513,31
7514,21
7515,15
7516,40
7517,45
7518,28
7519,6
7520,28
7521,37
7522,47
7523,35
7524,31
7525,8
7526,30
7527,29
7528,41
7529,35
7530,18
7531,24
7532,12
7533,26
7534,28
7535,49
7536,40
7537,52
7538,20
7539,10
7540,14
7541,25
7542,18
7543,54
7544,4
7545,37
7546,27
7547,22
7548,29
7549,11
7550,34
7551,30
7552,54
7553,41
7554,16
7555,38
7556,7
7557,14
7558,31
7559,35
7560,34
7561,45
7562,27
7563,40
7564,30
7565,29
7566,43
7567,22
7568,34
7569,50
7570,36
7571,18
7572,43
7573,28
7574,11
7575,36
7576,6
7577,22
7578,15
7579,18
7580,19
7581,7
7582,31
7583,16
7584,32
7585,17
7586,19
7587,48
7588,12
7589,18
7590,25
7591,21
7592,37
7593,31
7594,51
7595,22
7596,20
7597,46
7598,46
7599,39
7600,39
7601,16
7602,29
7603,32
7604,44
7605,27
7606,21
7607,40
7608,31
7609,32
7610,18
7611,18
7612,36
7613,39
7614,15
7615,52
7616,11
7617,33
7618,25
7619,48
7620,16
7621,44
7622,32
7623,32
7624,26
7625,32
7626,30
7627,10
7628,42
7629,22
7630,20
7631,16
7632,24
7633,18
7634,9
7635,56
7636,43
7637,43
7638,38
7639,25
7640,12
7641,36
7642,7
7643,7
7644,25
7645,33
7646,31
7647,33
7648,35
7649,44
7650,40
7651,37
7652,13
7653,24
7654,13
7655,18
7656,29
7657,51
7658,22
7659,7
7660,18
7661,46
7662,42
7663,29
7664,30
7665,45
7666,10
7667,21
7668,31
7669,48
7670,50
7671,51
7672,16
7673,46
7674,42
7675,23
7676,32
7677,31
7678,18
7679,29
7680,12
7681,36
7682,43
7683,15
7684,33
7685,18
7686,23
7687,30
7688,42
7689,24
7690,11
7691,17
7692,48
7693,13
7694,31
7695,7
7696,33
7697,40
7698,35
7699,27
7700,36
7701,57
7702,14
7703,13
7704,7
7705,36
7706,17
7707,31
7708,27
7709,35
7710,40
7711,46
7712,16
7713,9
7714,33
7715,25
7716,36
7717,25
7718,9
7719,14
7720,25
7721,29
7722,32
7723,32
7724,39
7725,20
7726,34
7727,18
7728,37
7729,28
7730,12
7731,40
7732,45
7733,19
7734,21
7735,5
7736,20
7737,33
7738,39
7739,33
7740,16
7741,43
7742,17
7743,29
7744,47
7745,31
7746,24
7747,29
7748,26
7749,32
7750,42
7751,14
7752,10
7753,7
7754,36
7755,44
7756,46
7757,35
7758,18
7759,41
7760,37
7761,33
7762,26
7763,20
7764,30
7765,15
7766,23
7767,32
7768,29
7769,50
7770,31
7771,44
7772,20
7773,25
7774,7
7775,35
7776,46
7777,12
7778,21
7779,15
7780,16
7781,18
7782,28
7783,12
7784,37
7785,47
7786,17
7787,28
7788,53
7789,38
7790,40
7791,33
7792,42
7793,54
7794,11
7795,33
7796,44
7797,42
7798,37
7799,35
7800,19
7801,6
7802,49
7803,34
7804,47
7805,42
7806,40
7807,20
7808,38
7809,33
7810,16
7811,14
7812,21
7813,23
7814,37
7815,20
7816,36
7817,11
7818,42
7819,21
7820,43
7821,39
7822,17
7823,12
7824,34
7825,18
7826,40
7827,35
7828,12
7829,46
7830,25
7831,24
7832,15
7833,20
7834,42
7835,43
7836,32
7837,40
7838,39
7839,44
7840,29
7841,11
7842,26
7843,20
7844,44
7845,35
7846,24
7847,38
7848,28
7849,35
7850,24
7851,27
7852,28
7853,17
7854,43
7855,34
7856,35
7857,24
7858,50
7859,41
7860,37
7861,35
7862,38
7863,27
7864,36
7865,11
7866,44
7867,43
7868,31
7869,48
7870,26
7871,35
7872,32
7873,22
7874,21
7875,12
7876,10
7877,20
7878,26
7879,25
7880,28
7881,36
7882,11
7883,6
7884,7
7885,43
7886,22
7887,27
7888,35
7889,31
7890,12
7891,40
7892,12
7893,39
7894,25
7895,47
7896,16
7897,42
7898,43
7899,16
7900,19
7901,19
7902,42
7903,32
7904,18
7905,20
7906,23
7907,35
7908,29
7909,22
7910,9
7911,32
7912,26
7913,29
7914,42
7915,24
7916,34
7917,52
7918,13
7919,24
7920,23
7921,20
7922,49
7923,25
7924,17
7925,24
7926,37
7927,17
7928,22
7929,57
7930,56
7931,31
7932,14
7933,23
7934,19
7935,50
7936,16
7937,47
7938,34
7939,7
7940,14
7941,20
7942,14
7943,16
7944,28
7945,12
7946,6
7947,14
7948,33
7949,13
7950,11
7951,26
7952,43
7953,11
7954,15
7955,34
7956,37
7957,54
7958,38
7959,11
7960,11
7961,25
7962,23
7963,42
7964,27
7965,45
7966,15
7967,13
7968,21
7969,43
7970,31
7971,48
7972,39
7973,39
7974,19
7975,46
7976,24
7977,22
7978,16
7979,43
7980,10
7981,13
7982,39
7983,43
7984,23
7985,16
7986,30
7987,25
7988,14
7989,20
7990,39
7991,51
7992,17
7993,15
7994,32
7995,28
7996,53
7997,24
7998,34
7999,11
8000,37
8001,32
8002,40
8003,16
8004,31
8005,49
8006,42
8007,26
8008,26
8009,34
8010,23
8011,48
8012,22
8013,48
8014,28
8015,27
8016,33
8017,23
8018,39
8019,38
8020,46
8021,24
8022,38
8023,12
8024,20
8025,50
8026,17
8027,48
8028,7
8029,38
8030,24
8031,42
8032,35
8033,2
8034,10
8035,23
8036,46
8037,55
8038,39
8039,49
8040,44
8041,29
8042,10
8043,30
8044,33
8045,14
8046,42
8047,36
8048,25
8049,7
8050,38
8051,27
8052,7
8053,31
8054,46
8055,42
8056,12
8057,13
8058,42
8059,31
8060,43
8061,40
8062,54
8063,34
8064,36
8065,27
8066,41
8067,31
8068,31
8069,32
8070,27
8071,11
8072,38
8073,42
8074,42
8075,26
8076,35
8077,13
8078,30
8079,51
8080,18
8081,11
8082,38
8083,12
8084,12
8085,16
8086,25
8087,32
8088,41
8089,19
8090,17
8091,38
8092,16
8093,21
8094,52
8095,35
8096,24
8097,6
8098,42
8099,40
8100,14
8101,47
8102,33
8103,39
8104,26
8105,18
8106,12
8107,38
8108,13
8109,34
8110,14
8111,27
8112,32
8113,30
8114,32
8115,35
8116,12
8117,10
8118,37
8119,35
8120,15
8121,13
8122,39
8123,39
8124,49
8125,25
8126,15
8127,27
8128,16
8129,23
8130,33
8131,27
8132,18
8133,24
8134,12
8135,24
8136,23
8137,39
8138,47
8139,18
8140,26
8141,33
8142,25
8143,45
8144,11
8145,28
8146,51
8147,42
8148,30
8149,9
8150,45
8151,29
8152,23
8153,30
8154,8
8155,28
8156,30
8157,32
8158,42
8159,52
8160,23
8161,49
8162,35
8163,26
8164,34
8165,29
8166,37
8167,28
8168,35
8169,48
8170,33
8171,40
8172,38
8173,25
8174,40
8175,20
8176,48
8177,10
8178,11
8179,39
8180,44
8181,39
8182,22
8183,38
8184,11
8185,24
8186,20
8187,37
8188,47
8189,54
8190,9
8191,44
8192,27
8193,33
8194,44
8195,23
8196,16
8197,50
8198,50
8199,42
8200,13
8201,32
8202,4
8203,38
8204,47
8205,28
8206,33
8207,37
8208,42
8209,42
8210,21
8211,27
8212,43
8213,14
8214,31
8215,35
8216,13
8217,30
8218,51
8219,17
8220,6
8221,12
8222,20
8223,42
8224,33
8225,13
8226,26
8227,35
8228,46
8229,18
8230,31
8231,14
8232,29
8233,7
8234,20
8235,10
8236,20
8237,14
8238,50
8239,39
8240,15
8241,7
8242,14
8243,27
8244,42
8245,29
8246,42
8247,33
8248,45
8249,29
8250,9
8251,41
8252,44
8253,23
8254,15
8255,25
8256,31
8257,26
8258,23
8259,13
8260,53
8261,25
8262,18
8263,36
8264,13
8265,41
8266,49
8267,49
8268,42
8269,33
8270,33
8271,27
8272,31
8273,40
8274,43
8275,25
8276,36
8277,35
8278,20
8279,34
8280,48
8281,10
8282,59
8283,39
8284,21
8285,11
8286,21
8287,13
8288,14
8289,23
8290,33
8291,40
8292,12
8293,7
8294,44
8295,38
8296,17
8297,27
8298,29
8299,11
8300,15
8301,53
8302,41
8303,9
8304,16
8305,27
8306,14
8307,42
8308,31
8309,38
8310,48
8311,14
8312,30
8313,29
8314,36
8315,41
8316,8
8317,60
8318,30
8319,51
8320,38
8321,21
8322,17
8323,38
8324,35
8325,19
8326,16
8327,16
8328,34
8329,20
8330,16
8331,33
8332,40
8333,20
8334,40
8335,39
8336,17
8337,33
8338,34
8339,45
8340,26
8341,13
8342,23
8343,45
8344,13
8345,47
8346,38
8347,12
8348,22
8349,10
8350,32
8351,40
8352,46
8353,13
8354,43
8355,4
8356,34
8357,20
8358,42
8359,8
8360,28
8361,15
8362,43
8363,25
8364,17
8365,37
8366,31
8367,27
8368,44
8369,18
8370,36
8371,13
8372,27
8373,23
8374,23
8375,9
8376,46
8377,30
8378,24
8379,36
8380,13
8381,16
8382,24
8383,30
8384,25
8385,32
8386,29
8387,41
8388,31
8389,43
8390,42
8391,48
8392,50
8393,50
8394,30
8395,41
8396,57
8397,37
8398,35
8399,11
8400,50
8401,9
8402,13
8403,28
8404,16
8405,46
8406,51
8407,16
8408,50
8409,28
8410,31
8411,19
8412,12
8413,17
8414,19
8415,49
8416,43
8417,44
8418,19
8419,36
8420,9
8421,37
8422,12
8423,12
8424,37
8425,27
8426,16
8427,21
8428,18
8429,8
8430,25
8431,10
8432,53
8433,16
8434,22
8435,16
8436,21
8437,34
8438,7
8439,14
8440,12
8441,17
8442,11
8443,8
8444,11
8445,20
8446,24
8447,24
8448,10
8449,20
8450,13
8451,18
8452,39
8453,11
8454,19
8455,7
8456,15
8457,51
8458,16
8459,33
8460,33
8461,24
8462,36
8463,52
8464,21
8465,12
8466,40
8467,34
8468,4
8469,29
8470,12
8471,25
8472,43
8473,10
8474,48
8475,20
8476,31
8477,19
8478,52
8479,31
8480,15
8481,49
8482,32
8483,44
8484,17
8485,20
8486,37
8487,50
8488,33
8489,46
8490,12
8491,16
8492,4
8493,28
8494,40
8495,53
8496,29
8497,43
8498,32
8499,10
8500,48
8501,32
8502,18
8503,31
8504,52
8505,24
8506,10
8507,21
8508,30
8509,41
8510,29
8511,41
8512,23
8513,48
8514,10
8515,45
8516,12
8517,41
8518,6
8519,11
8520,16
8521,54
8522,19
8523,22
8524,19
8525,35
8526,17
8527,12
8528,43
8529,22
8530,49
8531,9
8532,35
8533,12
8534,28
8535,43
8536,48
8537,39
8538,28
8539,39
8540,24
8541,36
8542,27
8543,31
8544,21
8545,36
8546,32
8547,42
8548,51
8549,26
8550,16
8551,30
8552,29
8553,39
8554,35
8555,52
8556,50
8557,16
8558,38
8559,33
8560,26
8561,12
8562,40
8563,41
8564,33
8565,23
8566,33
8567,27
8568,30
8569,14
8570,28
8571,46
8572,40
8573,29
8574,56
8575,31
8576,7
8577,17
8578,18
8579,36
8580,28
8581,11
8582,34
8583,46
8584,25
8585,30
8586,29
8587,16
8588,9
8589,22
8590,48
8591,9
8592,32
8593,29
8594,43
8595,51
8596,27
8597,34
8598,41
8599,28
8600,15
8601,45
8602,44
8603,32
8604,41
8605,20
8606,10
8607,28
8608,28
8609,55
8610,13
8611,44
8612,46
8613,43
8614,47
8615,9
8616,35
8617,25
8618,37
8619,27
8620,31
8621,33
8622,50
8623,4
8624,42
8625,49
8626,25
8627,22
8628,16
8629,26
8630,19
8631,12
8632,35
8633,12
8634,35
8635,19
8636,45
8637,34
8638,7
8639,51
8640,25
8641,31
8642,18
8643,15
8644,12
8645,17
8646,22
8647,23
8648,41
8649,10
8650,21
8651,12
8652,16
8653,7
8654,42
8655,38
8656,11
8657,34
8658,26
8659,10
8660,47
8661,53
8662,25
8663,41
8664,48
8665,49
8666,22
8667,18
8668,30
8669,46
8670,24
8671,31
8672,37
8673,29
8674,16
8675,25
8676,25
8677,39
8678,24
8679,25
8680,35
8681,9
8682,20
8683,8
8684,25
8685,35
8686,32
8687,45
8688,6
8689,22
8690,36
8691,37
8692,30
8693,38
8694,29
8695,21
8696,44
8697,41
8698,31
8699,13
8700,33
8701,15
8702,14
8703,34
8704,40
8705,17
8706,41
8707,8
8708,11
8709,14
8710,47
8711,13
8712,43
8713,8
8714,45
8715,24
8716,40
8717,16
8718,40
8719,7
8720,49
8721,24
8722,34
8723,25
8724,49
8725,40
8726,38
8727,48
8728,8
8729,32
8730,14
8731,36
8732,13
8733,8
8734,36
8735,21
8736,24
8737,13
8738,29
8739,19
8740,40
8741,40
8742,46
8743,24
8744,27
8745,44
8746,15
8747,11
8748,17
8749,29
8750,53
8751,42
8752,46
8753,40
8754,46
8755,49
8756,42
8757,11
8758,14
8759,23
8760,20
8761,39
8762,18
8763,34
8764,22
8765,14
8766,39
8767,47
8768,15
8769,25
8770,41
8771,30
8772,34
8773,27
8774,36
8775,28
8776,39
8777,42
8778,15
8779,25
8780,28
8781,15
8782,9
8783,51
8784,13
8785,29
8786,9
8787,35
8788,7
8789,12
8790,23
8791,17
8792,21
8793,17
8794,27
8795,40
8796,58
8797,38
8798,44
8799,18
8800,47
8801,36
8802,35
8803,18
8804,34
8805,41
8806,13
8807,23
8808,30
8809,26
8810,22
8811,9
8812,19
8813,46
8814,28
8815,16
8816,9
8817,10
8818,16
8819,22
8820,11
8821,33
8822,14
8823,23
8824,30
8825,45
8826,46
8827,32
8828,32
8829,23
8830,43
8831,14
8832,39
8833,26
8834,14
8835,49
8836,20
8837,43
8838,10
8839,43
8840,14
8841,28
8842,21
8843,22
8844,32
8845,44
8846,20
8847,3
8848,26
8849,22
8850,12
8851,44
8852,9
8853,35
8854,12
8855,32
8856,52
8857,34
8858,29
8859,21
8860,9
8861,6
8862,31
8863,24
8864,32
8865,62
8866,7
8867,54
8868,42
8869,12
8870,29
8871,10
8872,21
8873,43
8874,42
8875,37
8876,28
8877,20
8878,21
8879,38
8880,12
8881,17
8882,51
8883,30
8884,35
8885,11
8886,4
8887,19
8888,35
8889,11
8890,33
8891,11
8892,13
8893,10
8894,31
8895,14
8896,15
8897,14
8898,49
8899,41
8900,57
8901,28
8902,35
8903,35
8904,35
8905,30
8906,23
8907,52
8908,9
8909,10
8910,36
8911,24
8912,35
8913,35
8914,17
8915,28
8916,10
8917,35
8918,8
8919,50
8920,13
8921,16
8922,4
8923,25
8924,3
8925,24
8926,24
8927,33
8928,19
8929,16
8930,25
8931,13
8932,27
8933,37
8934,19
8935,29
8936,41
8937,37
8938,31
8939,40
8940,37
8941,43
8942,34
8943,22
8944,11
8945,45
8946,24
8947,15
8948,37
8949,38
8950,39
8951,14
8952,30
8953,45
8954,13
8955,18
8956,26
8957,27
8958,34
8959,37
8960,27
8961,18
8962,29
8963,50
8964,18
8965,34
8966,8
8967,27
8968,25
8969,9
8970,12
8971,14
8972,30
8973,43
8974,23
8975,33
8976,15
8977,36
8978,32
8979,41
8980,20
8981,28
8982,17
8983,22
8984,20
8985,10
8986,15
8987,46
8988,41
8989,28
8990,41
8991,32
8992,48
8993,40
8994,22
8995,25
8996,27
8997,26
8998,37
8999,19
9000,20
9001,16
9002,32
9003,13
9004,28
9005,12
9006,14
9007,34
9008,27
9009,21
9010,15
9011,36
9012,16
9013,8
9014,39
9015,31
9016,24
9017,48
9018,13
9019,26
9020,33
9021,34
9022,27
9023,40
9024,13
9025,30
9026,11
9027,39
9028,8
9029,12
9030,39
9031,32
9032,24
9033,47
9034,45
9035,21
9036,20
9037,38
9038,39
9039,32
9040,46
9041,31
9042,40
9043,19
9044,24
9045,33
9046,48
9047,52
9048,5
9049,27
9050,13
9051,17
9052,32
9053,14
9054,49
9055,3
9056,21
9057,6
9058,32
9059,43
9060,31
9061,42
9062,37
9063,13
9064,15
9065,20
9066,41
9067,43
9068,30
9069,26
9070,6
9071,12
9072,25
9073,12
9074,22
9075,10
9076,37
9077,29
9078,25
9079,19
9080,42
9081,5
9082,30
9083,14
9084,52
9085,47
9086,11
9087,27
9088,20
9089,50
9090,27
9091,30
9092,25
9093,39
9094,38
9095,16
9096,42
9097,28
9098,22
9099,45
9100,37
9101,11
9102,11
9103,8
9104,13
9105,27
9106,50
9107,22
9108,34
9109,24
9110,40
9111,37
9112,12
9113,50
9114,41
9115,35
9116,47
9117,33
9118,23
9119,17
9120,24
9121,36
9122,22
9123,37
9124,18
9125,31
9126,13
9127,43
9128,48
9129,50
9130,25
9131,14
9132,19
9133,16
9134,27
9135,49
9136,21
9137,47
9138,31
9139,22
9140,35
9141,26
9142,29
9143,38
9144,17
9145,40
9146,36
9147,17
9148,21
9149,31
9150,11
9151,34
9152,27
9153,47
9154,6
9155,41
9156,46
9157,34
9158,6
9159,12
9160,9
9161,22
9162,24
9163,18
9164,26
9165,46
9166,29
9167,36
9168,53
9169,10
9170,12
9171,20
9172,22
9173,32
9174,40
9175,45
9176,20
9177,26
9178,13
9179,22
9180,22
9181,24
9182,38
9183,59
9184,39
9185,44
9186,36
9187,29
9188,34
9189,31
9190,24
9191,35
9192,20
9193,18
9194,20
9195,50
9196,9
9197,38
9198,14
9199,13
9200,18
9201,14
9202,30
9203,32
9204,50
9205,18
9206,15
9207,50
9208,30
9209,11
9210,46
9211,15
9212,45
9213,21
9214,35
9215,23
9216,41
9217,48
9218,13
9219,47
9220,32
9221,45
9222,18
9223,27
9224,13
9225,29
9226,12
9227,11
9228,52
9229,28
9230,13
9231,36
9232,31
9233,9
9234,19
9235,38
9236,38
9237,45
9238,13
9239,12
9240,18
9241,21
9242,19
9243,29
9244,40
9245,9
9246,19
9247,32
9248,11
9249,3
9250,30
9251,38
9252,46
9253,39
9254,37
9255,28
9256,29
9257,18
9258,22
9259,39
9260,31
9261,30
9262,24
9263,17
9264,25
9265,12
9266,15
9267,49
9268,41
9269,41
9270,13
9271,27
9272,18
9273,48
9274,8
9275,19
9276,34
9277,32
9278,36
9279,27
9280,54
9281,20
9282,41
9283,39
9284,46
9285,14
9286,44
9287,48
9288,10
9289,42
9290,43
9291,44
9292,28
9293,36
9294,2
9295,31
9296,30
9297,42
9298,32
9299,19
9300,47
9301,17
9302,36
9303,15
9304,25
9305,13
9306,18
9307,34
9308,50
9309,55
9310,30
9311,46
9312,28
9313,13
9314,28
9315,6
9316,36
9317,38
9318,37
9319,21
9320,36
9321,42
9322,17
9323,17
9324,45
9325,40
9326,53
9327,12
9328,44
9329,34
9330,40
9331,53
9332,12
9333,26
9334,49
9335,21
9336,19
9337,23
9338,14
9339,31
9340,51
9341,54
9342,27
9343,44
9344,34
9345,31
9346,43
9347,35
9348,7
9349,41
9350,22
9351,35
9352,23
9353,48
9354,8
9355,53
9356,28
9357,16
9358,49
9359,24
9360,16
9361,21
9362,45
9363,34
9364,22
9365,34
9366,48
9367,23
9368,41
9369,32
9370,51
9371,17
9372,55
9373,30
9374,10
9375,45
9376,15
9377,42
9378,41
9379,36
9380,27
9381,35
9382,21
9383,19
9384,27
9385,50
9386,56
9387,24
9388,57
9389,43
9390,51
9391,58
9392,34
9393,27
9394,19
9395,37
9396,28
9397,34
9398,23
9399,46
9400,30
9401,31
9402,45
9403,49
9404,55
9405,31
9406,16
9407,11
9408,3
9409,23
9410,8
9411,50
9412,30
9413,33
9414,49
9415,30
9416,26
9417,42
9418,25
9419,28
9420,32
9421,22
9422,60
9423,23
9424,22
9425,20
9426,14
9427,31
9428,22
9429,7
9430,34
9431,13
9432,35
9433,54
9434,47
9435,35
9436,13
9437,35
9438,15
9439,39
9440,19
9441,12
9442,11
9443,17
9444,29
9445,51
9446,13
9447,44
9448,9
9449,37
9450,51
9451,23
9452,16
9453,9
9454,10
9455,10
9456,21
9457,37
9458,42
9459,36
9460,47
9461,23
9462,38
9463,29
9464,22
9465,17
9466,36
9467,43
9468,14
9469,35
9470,36
9471,9
9472,19
9473,29
9474,40
9475,30
9476,4
9477,24
9478,32
9479,39
9480,38
9481,9
9482,24
9483,31
9484,51
9485,21
9486,32
9487,46
9488,37
9489,37
9490,30
9491,28
9492,42
9493,40
9494,20
9495,35
9496,48
9497,32
9498,43
9499,27
9500,53
9501,43
9502,51
9503,6
9504,49
9505,33
9506,20
9507,30
9508,53
9509,28
9510,9
9511,10
9512,42
9513,16
9514,16
9515,10
9516,8
9517,38
9518,40
9519,33
9520,24
9521,24
9522,14
9523,53
9524,39
9525,12
9526,36
9527,32
9528,33
9529,10
9530,44
9531,14
9532,26
9533,9
9534,47
9535,13
9536,48
9537,17
9538,19
9539,45
9540,31
9541,13
9542,44
9543,53
9544,46
9545,18
9546,37
9547,40
9548,47
9549,28
9550,9
9551,45
9552,47
9553,27
9554,46
9555,19
9556,39
9557,38
9558,35
9559,14
9560,29
9561,12
9562,38
9563,33
9564,11
9565,45
9566,11
9567,35
9568,34
9569,53
9570,41
9571,41
9572,49
9573,16
9574,37
9575,42
9576,45
9577,35
9578,29
9579,27
9580,15
9581,39
9582,39
9583,29
9584,42
9585,9
9586,32
9587,35
9588,49
9589,9
9590,38
9591,34
9592,45
9593,5
9594,40
9595,20
9596,8
9597,26
9598,34
9599,24
9600,40
9601,45
9602,28
9603,19
9604,46
9605,13
9606,12
9607,35
9608,11
9609,23
9610,25
9611,39
9612,47
9613,49
9614,40
9615,20
9616,54
9617,19
9618,29
9619,17
9620,4
9621,17
9622,20
9623,30
9624,14
9625,49
9626,38
9627,47
9628,32
9629,22
9630,47
9631,32
9632,24
9633,46
9634,40
9635,36
9636,24
9637,45
9638,44
9639,13
9640,26
9641,18
9642,23
9643,24
9644,36
9645,15
9646,24
9647,53
9648,46
9649,8
9650,10
9651,22
9652,25
9653,21
9654,33
9655,33
9656,10
9657,17
9658,26
9659,29
9660,27
9661,51
9662,16
9663,41
9664,15
9665,45
9666,39
9667,34
9668,34
9669,46
9670,22
9671,15
9672,31
9673,16
9674,12
9675,40
9676,41
9677,47
9678,24
9679,48
9680,21
9681,11
9682,37
9683,21
9684,50
9685,32
9686,17
9687,18
9688,17
9689,7
9690,25
9691,48
9692,10
9693,24
9694,7
9695,31
9696,17
9697,32
9698,45
9699,54
9700,23
9701,47
9702,30
9703,41
9704,18
9705,14
9706,33
9707,46
9708,8
9709,43
9710,24
9711,33
9712,20
9713,43
9714,29
9715,41
9716,12
9717,47
9718,9
9719,40
9720,11
9721,28
9722,18
9723,15
9724,19
9725,54
9726,8
9727,27
9728,27
9729,22
9730,35
9731,7
9732,20
9733,25
9734,7
9735,35
9736,17
9737,33
9738,35
9739,2
9740,27
9741,46
9742,34
9743,38
9744,8
9745,7
9746,50
9747,16
9748,39
9749,9
9750,20
9751,33
9752,49
9753,13
9754,36
9755,30
9756,32
9757,37
9758,17
9759,30
9760,31
9761,33
9762,10
9763,15
9764,33
9765,14
9766,6
9767,27
9768,34
9769,10
9770,51
9771,45
9772,41
9773,25
9774,38
9775,29
9776,37
9777,17
9778,51
9779,47
9780,28
9781,24
9782,33
9783,51
9784,12
9785,22
9786,12
9787,13
9788,35
9789,16
9790,45
9791,22
9792,28
9793,41
9794,13
9795,27
9796,20
9797,10
9798,9
9799,8
9800,24
9801,14
9802,37
9803,19
9804,43
9805,48
9806,40
9807,27
9808,32
9809,15
9810,27
9811,13
9812,9
9813,33
9814,43
9815,15
9816,30
9817,10
9818,35
9819,44
9820,9
9821,46
9822,52
9823,24
9824,47
9825,16
9826,25
9827,12
9828,8
9829,22
9830,10
9831,53
9832,3
9833,22
9834,13
9835,36
9836,46
9837,48
9838,10
9839,26
9840,46
9841,22
9842,7
9843,37
9844,36
9845,27
9846,41
9847,39
9848,23
9849,9
9850,35
9851,47
9852,50
9853,5
9854,9
9855,18
9856,41
9857,41
9858,33
9859,11
9860,33
9861,10
9862,35
9863,33
9864,16
9865,26
9866,26
9867,40
9868,47
9869,8
9870,41
9871,42
9872,28
9873,38
9874,16
9875,29
9876,29
9877,51
9878,47
9879,34
9880,19
9881,16
9882,26
9883,27
9884,52
9885,20
9886,25
9887,14
9888,16
9889,33
9890,32
9891,28
9892,17
9893,31
9894,26
9895,48
9896,29
9897,16
9898,26
9899,45
9900,32
9901,27
9902,50
9903,27
9904,30
9905,47
9906,31
9907,18
9908,35
9909,32
9910,37
9911,18
9912,20
9913,6
9914,38
9915,21
9916,25
9917,45
9918,42
9919,12
9920,25
9921,22
9922,5
9923,32
9924,47
9925,47
9926,25
9927,48
9928,25
9929,57
9930,15
9931,46
9932,24
9933,23
9934,15
9935,30
9936,13
9937,35
9938,37
9939,50
9940,35
9941,32
9942,44
9943,10
9944,30
9945,27
9946,11
9947,26
9948,29
9949,36
9950,33
9951,42
9952,39
9953,22
9954,10
9955,29
9956,42
9957,23
9958,26
9959,5
9960,11
9961,8
9962,10
9963,45
9964,50
9965,22
9966,23
9967,39
9968,17
9969,30
9970,10
9971,15
9972,22
9973,38
9974,16
9975,23
9976,38
9977,31
9978,38
9979,17
9980,37
9981,36
9982,15
9983,47
9984,35
9985,33
9986,9
9987,29
9988,43
9989,32
9990,19
9991,9
9992,40
9993,35
9994,10
9995,2
9996,53
9997,25
9998,28
9999,29
10000,11
10001,37
10002,45
10003,10
10004,30
10005,53
10006,10
10007,30
10008,27
10009,42
10010,50
10011,19
10012,30
10013,35
10014,48
10015,19
10016,29
10017,53
10018,31
10019,26
10020,38
10021,26
10022,14
10023,36
10024,28
10025,17
10026,12
10027,23
10028,32
10029,42
10030,26
10031,36
10032,36
10033,32
10034,47
10035,38
10036,50
10037,34
10038,50
10039,42
10040,8
10041,13
10042,31
10043,32
10044,31
10045,23
10046,20
10047,7
10048,47
10049,26
10050,20
10051,35
10052,37
10053,44
10054,49
10055,37
10056,44
10057,40
10058,31
10059,15
10060,35
10061,20
10062,25
10063,21
10064,29
10065,14
10066,15
10067,13
10068,18
10069,46
10070,48
10071,41
10072,36
10073,22
10074,55
10075,14
10076,35
10077,27
10078,11
10079,11
10080,28
10081,19
10082,18
10083,12
10084,24
10085,32
10086,36
10087,23
10088,32
10089,6
10090,20
10091,39
10092,34
10093,32
10094,28
10095,34
10096,53
10097,45
10098,26
10099,15
10100,39
10101,39
10102,27
10103,13
10104,49
10105,20
10106,35
10107,37
10108,42
10109,7
10110,30
10111,13
10112,38
10113,55
10114,10
10115,12
10116,33
10117,30
10118,31
10119,40
10120,43
10121,42
10122,15
10123,23
10124,18
10125,33
10126,38
10127,52
10128,10
10129,10
10130,19
10131,29
10132,12
10133,48
10134,36
10135,23
10136,36
10137,48
10138,14
10139,18
10140,24
10141,11
10142,26
10143,59
10144,22
10145,16
10146,37
10147,42
10148,40
10149,29
10150,18
10151,35
10152,42
10153,28
10154,35
10155,36
10156,42
10157,54
10158,11
10159,12
10160,34
10161,7
10162,39
10163,35
10164,44
10165,42
10166,28
10167,19
10168,22
10169,10
10170,39
10171,12
10172,13
10173,53
10174,9
10175,14
10176,11
10177,36
10178,47
10179,26
10180,29
10181,54
10182,10
10183,22
10184,40
10185,42
10186,10
10187,8
10188,35
10189,20
10190,50
10191,14
10192,21
10193,9
10194,13
10195,33
10196,26
10197,12
10198,23
10199,32
10200,34
10201,47
10202,43
10203,38
10204,19
10205,37
10206,28
10207,50
10208,29
10209,21
10210,21
10211,52
10212,49
10213,46
10214,35
10215,37
10216,36
10217,38
10218,36
10219,40
10220,27
10221,24
10222,11
10223,30
10224,23
10225,8
10226,19
10227,42
10228,29
10229,51
10230,34
10231,25
10232,17
10233,42
10234,8
10235,35
10236,9
10237,26
10238,28
10239,35
10240,12
10241,47
10242,38
10243,44
10244,47
10245,38
10246,16
10247,14
10248,14
10249,24
10250,32
10251,25
10252,10
10253,21
10254,24
10255,49
10256,26
10257,46
10258,29
10259,23
10260,29
10261,32
10262,26
10263,43
10264,24
10265,43
10266,49
10267,35
10268,44
10269,28
10270,52
10271,26
10272,34
10273,35
10274,31
10275,33
10276,20
10277,35
10278,29
10279,11
10280,24
10281,40
10282,54
10283,6
10284,28
10285,16
10286,27
10287,22
10288,34
10289,13
10290,17
10291,20
10292,29
10293,20
10294,17
10295,51
10296,36
10297,34
10298,25
10299,31
10300,14
10301,20
10302,27
10303,19
10304,24
10305,51
10306,13
10307,44
10308,52
10309,20
10310,54
10311,10
10312,31
10313,33
10314,11
10315,11
10316,25
10317,38
10318,30
10319,14
10320,53
10321,8
10322,37
10323,31
10324,21
10325,22
10326,24
10327,38
10328,6
10329,16
10330,34
10331,42
10332,19
10333,14
10334,34
10335,14
10336,47
10337,47
10338,14
10339,13
10340,43
10341,10
10342,43
10343,9
10344,21
10345,42
10346,41
10347,23
10348,13
10349,34
10350,13
10351,46
10352,35
10353,33
10354,29
10355,21
10356,32
10357,57
10358,19
10359,29
10360,39
10361,47
10362,21
10363,28
10364,35
10365,23
10366,45
10367,49
10368,48
10369,26
10370,27
10371,28
10372,22
10373,21
10374,22
10375,32
10376,24
10377,36
10378,46
10379,32
10380,51
10381,28
10382,28
10383,14
10384,32
10385,51
10386,19
10387,27
10388,26
10389,36
10390,28
10391,9
10392,16
10393,39
10394,33
10395,25
10396,10
10397,33
10398,13
10399,38
10400,26
10401,52
10402,25
10403,14
10404,34
10405,39
10406,42
10407,36
10408,24
10409,10
10410,38
10411,53
10412,33
10413,50
10414,46
10415,14
10416,38
10417,38
10418,50
10419,12
10420,28
10421,50
10422,10
10423,19
10424,18
10425,10
10426,34
10427,9
10428,40
10429,12
10430,39
10431,39
10432,34
10433,5
10434,17
10435,32
10436,14
10437,17
10438,25
10439,25
10440,38
10441,35
10442,13
10443,39
10444,13
10445,9
10446,46
10447,27
10448,26
10449,21
10450,14
10451,11
10452,9
10453,9
10454,19
10455,31
10456,30
10457,47
10458,10
10459,50
10460,5
10461,30
10462,34
10463,23
10464,37
10465,30
10466,38
10467,44
10468,25
10469,35
10470,32
10471,16
10472,22
10473,31
10474,25
10475,31
10476,27
10477,11
10478,29
10479,38
10480,37
10481,30
10482,27
10483,39
10484,43
10485,40
10486,34
10487,30
10488,38
10489,19
10490,31
10491,20
10492,32
10493,11
10494,5
10495,32
10496,43
10497,47
10498,14
10499,28
10500,35
10501,33
10502,21
10503,7
10504,42
10505,32
10506,13
10507,23
10508,45
10509,9
10510,15
10511,29
10512,22
10513,32
10514,37
10515,41
10516,23
10517,24
10518,24
10519,11
10520,35
10521,23
10522,31
10523,51
10524,35
10525,48
10526,36
10527,25
10528,42
10529,23
10530,12
10531,30
10532,47
10533,25
10534,22
10535,45
10536,21
10537,35
10538,23
10539,49
10540,34
10541,24
10542,24
10543,29
10544,50
10545,13
10546,28
10547,20
10548,55
10549,23
10550,32
10551,30
10552,30
10553,41
10554,23
10555,55
10556,30
10557,11
10558,15
10559,38
10560,34
10561,37
10562,26
10563,35
10564,14
10565,37
10566,28
10567,11
10568,43
10569,46
10570,26
10571,24
10572,21
10573,11
10574,32
10575,37
10576,10
10577,18
10578,16
10579,43
10580,18
10581,22
10582,30
10583,32
10584,24
10585,8
10586,23
10587,15
10588,26
10589,19
10590,34
10591,36
10592,29
10593,6
10594,40
10595,16
10596,8
10597,49
10598,25
10599,29
10600,44
10601,22
10602,22
10603,21
10604,12
10605,31
10606,53
10607,10
10608,32
10609,56
10610,31
10611,32
10612,44
10613,22
10614,19
10615,41
10616,47
10617,55
10618,10
10619,29
10620,8
10621,34
10622,37
10623,34
10624,27
10625,22
10626,11
10627,31
10628,48
10629,12
10630,32
10631,6
10632,11
10633,46
10634,20
10635,21
10636,20
10637,30
10638,24
10639,29
10640,20
10641,14
10642,47
10643,27
10644,34
10645,23
10646,54
10647,44
10648,37
10649,35
10650,37
10651,34
10652,35
10653,16
10654,25
10655,14
10656,15
10657,50
10658,44
10659,26
10660,39
10661,48
10662,12
10663,35
10664,20
10665,31
10666,22
10667,19
10668,29
10669,12
10670,28
10671,47
10672,30
10673,28
10674,35
10675,36
10676,27
10677,19
10678,15
10679,39
10680,37
10681,49
10682,44
10683,31
10684,20
10685,20
10686,21
10687,26
10688,22
10689,50
10690,42
10691,50
10692,14
10693,25
10694,42
10695,35
10696,27
10697,35
10698,39
10699,43
10700,37
10701,41
10702,29
10703,26
10704,29
10705,13
10706,9
10707,34
10708,33
10709,54
10710,38
10711,33
10712,51
10713,9
10714,50
10715,21
10716,26
10717,48
10718,6
10719,42
10720,49
10721,33
10722,9
10723,36
10724,31
10725,55
10726,11
10727,28
10728,21
10729,20
10730,26
10731,26
10732,29
10733,22
10734,20
10735,26
10736,26
10737,11
10738,19
10739,41
10740,47
10741,37
10742,30
10743,15
10744,15
10745,44
10746,39
10747,26
10748,33
10749,29
10750,26
10751,15
10752,3
10753,27
10754,21
10755,45
10756,34
10757,14
10758,42
10759,25
10760,17
10761,34
10762,25
10763,21
10764,31
10765,50
10766,42
10767,39
10768,23
10769,43
10770,45
10771,52
10772,8
10773,35
10774,17
10775,30
10776,10
10777,30
10778,35
10779,14
10780,34
10781,31
10782,39
10783,52
10784,33
10785,14
10786,21
10787,26
10788,20
10789,26
10790,27
10791,41
10792,34
10793,40
10794,22
10795,20
10796,7
10797,47
10798,28
10799,30
10800,21
10801,24
10802,21
10803,35
10804,34
10805,34
10806,28
10807,31
10808,38
10809,38
10810,21
10811,41
10812,47
10813,35
10814,18
10815,49
10816,15
10817,39
10818,29
10819,33
10820,46
10821,12
10822,39
10823,28
10824,18
10825,13
10826,17
10827,44
10828,24
10829,47
10830,31
10831,35
10832,17
10833,44
10834,39
10835,24
10836,34
10837,49
10838,26
10839,25
10840,34
10841,15
10842,29
10843,43
10844,30
10845,43
10846,24
10847,8
10848,34
10849,11
10850,50
10851,31
10852,4
10853,50
10854,31
10855,43
10856,32
10857,25
10858,36
10859,44
10860,9
10861,30
10862,31
10863,36
10864,28
10865,38
10866,24
10867,43
10868,55
10869,26
10870,32
10871,22
10872,27
10873,21
10874,31
10875,22
10876,23
10877,6
10878,25
10879,46
10880,24
10881,12
10882,26
10883,13
10884,9
10885,42
10886,30
10887,12
10888,7
10889,36
10890,38
10891,20
10892,11
10893,21
10894,27
10895,16
10896,33
10897,50
10898,38
10899,36
10900,47
10901,31
10902,36
10903,22
10904,44
10905,28
10906,33
10907,19
10908,28
10909,35
10910,52
10911,31
10912,43
10913,34
10914,28
10915,28
10916,26
10917,55
10918,36
10919,12
10920,25
10921,26
10922,50
10923,28
10924,43
10925,32
10926,8
10927,19
10928,31
10929,11
10930,25
10931,36
10932,18
10933,37
10934,30
10935,52
10936,25
10937,38
10938,36
10939,34
10940,7
10941,27
10942,16
10943,48
10944,35
10945,29
10946,32
10947,8
10948,36
10949,34
10950,20
10951,51
10952,21
10953,50
10954,36
10955,33
10956,16
10957,19
10958,17
10959,32
10960,25
10961,24
10962,11
10963,44
10964,25
10965,18
10966,27
10967,24
10968,32
10969,18
10970,49
10971,16
10972,10
10973,47
10974,16
10975,25
10976,56
10977,29
10978,26
10979,12
10980,27
10981,30
10982,11
10983,48
10984,28
10985,23
10986,29
10987,34
10988,9
10989,36
10990,7
10991,44
10992,8
10993,18
10994,24
10995,36
10996,18
10997,14
10998,27
10999,36
11000,23
11001,8
11002,30
11003,12
11004,13
11005,18
11006,8
11007,37
11008,13
11009,43
11010,27
11011,44
11012,45
11013,32
11014,50
11015,26
11016,35
11017,28
11018,50
11019,4
11020,23
11021,36
11022,40
11023,20
11024,35
11025,8
11026,15
11027,21
11028,34
11029,29
11030,42
11031,28
11032,39
11033,27
11034,46
11035,35
11036,11
11037,49
11038,36
11039,27
11040,40
11041,20
11042,45
11043,30
11044,32
11045,30
11046,38
11047,50
11048,25
